{
	"error_header": {
		"no": "Feil",
		"nn": "Feil",
		"sv": "Fel",
		"es": "Error",
		"fr": "Erreur",
		"de": "Fehler",
		"nl": "Fout",
		"lb": "Fehler",
		"sl": "Napaka",
		"da": "Fejl",
		"hr": "Gre\u0161ka",
		"hu": "Hiba",
		"fi": "Virhe",
		"pt-br": "Erro",
		"pt": "Erro",
		"pl": "B\u0142\u0105d",
		"cs": "Chyba",
		"eu": "Eman dituzun datuak okerrak dira",
		"tr": "Hata",
		"lt": "Klaida",
		"it": "Errore",
		"ja": "\u30a8\u30e9\u30fc",
		"zh-tw": "\u932f\u8aa4",
		"et": "T\u00f5rge",
		"he": "\u05e9\u05d2\u05d9\u05d0\u05d4",
		"ru": "\u041e\u0448\u0438\u0431\u043a\u0430",
		"zh": "\u9519\u8bef",
		"ar": "\u062e\u0637\u0627",
		"id": "Error",
		"lv": "K\u013c\u016bda",
		"sr": "Gre\u0161ka",
		"ro": "Eroare",
		"af": "Fout",
		"el": "\u03a3\u03c6\u03ac\u03bb\u03bc\u03b1",
		"zu": "Iphutha",
		"xh": "Impazamo",
		"ca": "Error"
	},
	"user_pass_header": {
		"no": "Skriv inn brukernavn og passord",
		"nn": "Skriv inn brukarnamn og passord",
		"sv": "Ange ditt anv\u00e4ndarnamn och l\u00f6senord",
		"es": "Introduzca su nombre de usuario y contrase\u00f1a",
		"fr": "Entrez votre identifiant et votre mot de passe",
		"de": "Bitte geben Sie Ihren Nutzernamen und Ihr Passwort ein",
		"nl": "Geef je gebruikersnaam en wachtwoord",
		"lb": "Gid w.e.g Aeren Benotzernumm an d Passwuert an",
		"sl": "Vnesite svoje uporabni\u0161ko ime in geslo",
		"da": "Indtast brugernavn og kodeord",
		"hr": "Unesite korisni\u010dku oznaku i zaporku",
		"hu": "Felhaszn\u00e1l\u00f3n\u00e9v \u00e9s jelsz\u00f3",
		"fi": "Sy\u00f6t\u00e4 tunnuksesi ja salasanasi",
		"pt-br": "Digite seu usu\u00e1rio e senha",
		"pt": "Introduza o seu nome de utilizador e senha",
		"pl": "Wprowad\u017a nazw\u0119 uzytkownika i has\u0142o",
		"cs": "Vlo\u017ete sv\u00e9 jm\u00e9no a heslo",
		"eu": "Sartu erabiltzaile-izena eta pasahitza",
		"tr": "Kullan\u0131c\u0131 ad\u0131 ve \u015fifrenizi giriniz",
		"lt": "\u012eveskite savo prisijungimo vard\u0105 ir slapta\u017eod\u012f",
		"it": "Inserire nome utente e password",
		"ja": "\u30e6\u30fc\u30b6\u30fc\u540d\u3068\u30d1\u30b9\u30ef\u30fc\u30c9\u3092\u5165\u529b\u3057\u3066\u304f\u3060\u3055\u3044",
		"zh-tw": "\u8acb\u8f38\u5165\u60a8\u7684\u5e33\u865f\u53ca\u5bc6\u78bc",
		"et": "Sisesta oma kasutajatunnus ja parool",
		"he": "\u05d4\u05db\u05e0\u05e1 \u05e9\u05dd \u05de\u05e9\u05ea\u05de\u05e9 \u05d5\u05e1\u05d9\u05e1\u05de\u05d4",
		"ru": "\u0412\u0432\u0435\u0434\u0438\u0442\u0435 \u0438\u043c\u044f \u043f\u043e\u043b\u044c\u0437\u043e\u0432\u0430\u0442\u0435\u043b\u044f \u0438 \u043f\u0430\u0440\u043e\u043b\u044c",
		"zh": "\u8f93\u5165\u4f60\u7684\u7528\u6237\u540d\u548c\u5bc6\u7801",
		"ar": "\u0627\u062f\u062e\u0644 \u0627\u0633\u0645 \u0627\u0644\u0645\u0633\u062a\u062e\u062f\u0645 \u0648 \u0643\u0644\u0645\u0629 \u0627\u0644\u0633\u0631",
		"id": "Masukkan username dan password Anda",
		"lv": "Ievadiet savu lietot\u0101ja v\u0101rdu un paroli",
		"sr": "Unesite va\u0161e korisni\u010dko ime i lozinku",
		"ro": "V\u0103 rug\u0103m s\u0103 completa\u021bi numele de utilizator \u0219i parola",
		"xh": "Nceda ngenisa igama lakho lomsebenzisi kunye negama lokugqithisa",
		"af": "Voer jou gebruikersnaam en wagwoord in",
		"el": "\u0395\u03b9\u03c3\u03ac\u03b3\u03b5\u03c4\u03b5 \u03cc\u03bd\u03bf\u03bc\u03b1 \u03c7\u03c1\u03ae\u03c3\u03c4\u03b7 \u03ba\u03b1\u03b9 \u03ba\u03c9\u03b4\u03b9\u03ba\u03cc \u03c0\u03c1\u03cc\u03c3\u03b2\u03b1\u03c3\u03b7\u03c2",
		"zu": "Faka igama lakho lomsebenzisi nephasiwedi",
		"ca": "Introduïu el vostre nom d’usuari i contrasenya"
	},
	"user_pass_text": {
		"no": "En tjeneste har bedt om bekreftelse p\u00e5 din identitet. Skriv inn ditt brukernavn og passord for \u00e5 autentisere deg.",
		"nn": "Ei webteneste har spurt etter autentisering av deg. Skriv inn brukarnamnet ditt og passordet ditt for \u00e5 autentisera deg.",
		"sv": "En webbtj\u00e4nst har beg\u00e4rt att du ska logga in. Detta betyder att du beh\u00f6ver ange ditt anv\u00e4ndarnamn och ditt l\u00f6senord i formul\u00e4ret nedan.",
		"es": "Un servicio solicita que se autentique. Por favor, introduzca su nombre de usuario y contrase\u00f1a en el siguiente formulario.",
		"fr": "Un service a demand\u00e9 \u00e0 ce que vous vous authentifiez.  Cela signifie que vous devez entrer votre identifiant et votre mot de passe dans le formulaire ci-dessous.",
		"de": "Um diesen Dienst zu nutzen, m\u00fcssen Sie sich authentifizieren. Bitte geben sie daher unten Nutzernamen und Passwort ein.",
		"nl": "Voor deze dienst is authenticatie vereist. Geef je gebruikersnaam en wachtwoord in onderstaand formulier.",
		"lb": "En Service huet ungefrot aerch ze authentifiz\u00e9iren. Daat heescht daer musst aeren Benotzernumm an d'Passwuert an de Formulairen heidr\u00ebnner angin.",
		"sl": "Storitev zahteva, da se prijavite. To pomeni, da je potreben vnos uporabni\u0161kega imena in gesla v spodnji polji.",
		"da": "En web-tjeneste har bedt om at tilkendegive dig. Det betyder, at du skal indtaste dit brugernavn og kodeord herunder.",
		"hr": "Aplikacija zahtjeva od vas da se autentificirate. Unesite va\u0161u korisni\u010dku oznaku i zaporku u dolje navedena polja.",
		"hu": "Ez a szolg\u00e1ltat\u00e1s megk\u00f6veteli, hogy azonos\u00edtsa mag\u00e1t. K\u00e9rj\u00fck, adja meg felhaszn\u00e1l\u00f3nev\u00e9t \u00e9s jelszav\u00e1t az al\u00e1bbi \u0171rlapon.",
		"fi": "Palvelu on pyyt\u00e4nyt kirjautumista. Ole hyv\u00e4 ja sy\u00f6t\u00e4 tunnuksesi ja salasanasi alla olevaan kaavakkeeseen.",
		"pt-br": "Um servi\u00e7o que voc\u00ea pediu necessita que voc\u00ea se autentique. Digite seu nome de usu\u00e1rio e senha no formul\u00e1rio abaixo.",
		"pt": "Foi pedida a sua autentica\u00e7\u00e3o por um servi\u00e7o. Por favor, introduza o seu nome de utilizador e senha nos campos seguintes.",
		"pl": "Serwis za\u017c\u0105da\u0142 autentykacji. Prosz\u0119 w poni\u017cszym formularzu wprowadzi\u0107 nazw\u0119 uzytkownika oraz has\u0142o.",
		"cs": "Slu\u017eba po\u017eaduje va\u0161i identifikaci. Pros\u00edm vlo\u017ete sv\u00e9 jm\u00e9no a heslo.",
		"tr": "Bir servis kendinizi yetkilendirmenizi istedi. L\u00fctfen a\u015fa\u011f\u0131daki forma kullan\u0131c\u0131 ad\u0131n\u0131z\u0131 ve \u015fifrenizi giriniz.",
		"lt": "Paslauga pra\u0161o autentikacijos. \u017demiau \u012fveskite savo prisijungimo vard\u0105 ir slapta\u017eod\u012f.",
		"it": "Un servizio ha richiesto l'autenticazione. Si prega di inserire le proprie credenziali nella maschera di login sottostante.",
		"ja": "\u30b5\u30fc\u30d3\u30b9\u306f\u3042\u306a\u305f\u81ea\u8eab\u306e\u8a8d\u8a3c\u3092\u8981\u6c42\u3057\u3066\u3044\u307e\u3059\u3002\u4ee5\u4e0b\u306e\u30d5\u30a9\u30fc\u30e0\u306b\u30e6\u30fc\u30b6\u30fc\u540d\u3068\u30d1\u30b9\u30ef\u30fc\u30c9\u3092\u5165\u529b\u3057\u3066\u304f\u3060\u3055\u3044\u3002",
		"zh-tw": "\u6709\u500b\u670d\u52d9\u9700\u60a8\u9032\u884c\u9a57\u8b49\uff0c\u8acb\u65bc\u4e0b\u65b9\u8f38\u5165\u5e33\u865f\u5bc6\u78bc\u3002",
		"et": "Teenus n\u00f5uab autentimist. Palun sisesta allpool olevasse vormi oma kasutajatunnus ja parool.",
		"he": "\u05e9\u05d9\u05e8\u05d5\u05ea \u05d1\u05d9\u05e7\u05e9 \u05e9\u05ea\u05d6\u05d3\u05d4\u05d4. \u05d0\u05e0\u05d0 \u05d4\u05db\u05e0\u05e1 \u05d0\u05ea \u05e9\u05dd \u05d4\u05de\u05e9\u05ea\u05de\u05e9 \u05d5\u05d4\u05e1\u05d9\u05e1\u05de\u05d4 \u05e9\u05dc\u05da \u05d1\u05d8\u05d5\u05e4\u05e1 \u05de\u05ea\u05d7\u05ea.",
		"ru": "\u0421\u043b\u0443\u0436\u0431\u0430 \u0437\u0430\u043f\u0440\u0430\u0448\u0438\u0432\u0430\u0435\u0442 \u0430\u0432\u0442\u043e\u0440\u0438\u0437\u0430\u0446\u0438\u044e. \u041f\u043e\u0436\u0430\u043b\u0443\u0439\u0441\u0442\u0430, \u0432\u0432\u0435\u0434\u0438\u0442\u0435 \u0438\u043c\u044f \u043f\u043e\u043b\u044c\u0437\u043e\u0432\u0430\u0442\u0435\u043b\u044f \u0438 \u043f\u0430\u0440\u043e\u043b\u044c.",
		"zh": "\u4e00\u4e2a\u670d\u52a1\u9700\u8981\u4f60\u7684\u8ba4\u8bc1\uff0c\u8bf7\u5728\u4e0b\u9762\u8f93\u5165\u4f60\u7684\u7528\u6237\u540d\u548c\u5bc6\u7801",
		"ar": "\u0637\u0644\u0628\u062a \u0627\u062d\u062f\u064a \u0627\u0644\u062e\u062f\u0645\u0627\u062a \u0627\u0646 \u062a\u0648\u062b\u0642 \u0627\u0646\u0643 \u0627\u0646\u062a. \u0631\u062c\u0627\u0621\u0627\u064b \u0642\u0645 \u0628\u0625\u062f\u0631\u0627\u062c \u0627\u0633\u0645 \u0627\u0644\u0645\u0633\u062a\u062e\u062f\u0645 \u0648 \u0643\u0644\u0645\u0629 \u0627\u0644\u0633\u0631 \u062e\u0627\u0635\u062a\u0643 \u0628\u0627\u0644\u0627\u0633\u062a\u0645\u0627\u0631\u0629 \u0623\u062f\u0646\u0627\u0647",
		"id": "Sebuah layanan telah meminta Anda untuk melakukan autentifikasi. Silahkan masukkan username dan password Anda pada form dibawah",
		"lv": "Serviss pieprasa autentifik\u0101ciju. L\u016bdzu ievadiet savu lietot\u0101ja v\u0101rdu un paroli.",
		"sr": "Servis zahteva od vas da se autentifikujete. Unesite va\u0161e korisni\u010dko ime i lozinku u dole navedena polja.",
		"ro": "Un serviciu a solicitat autentificarea dumneavoastr\u0103. V\u0103 rug\u0103m s\u0103 completa\u021bi numele de utilizator \u0219i parola \u00een c\u00e2mpurile de mai jos.",
		"eu": "Zerbitzu batek kautotu zaitezen eskatzen du. Mesedez, zure erabiltzaile-izena eta pasahitza honako formulario honetan sartu itzazu.",
		"af": "'n Diens vereis dat jy jouself identifiseer. Voer jou gebruikersnaam en wagwoord in die onderstaande vorm in.",
		"el": "\u039c\u03b9\u03b1 \u03c5\u03c0\u03b7\u03c1\u03b5\u03c3\u03af\u03b1 \u03ad\u03c7\u03b5\u03b9 \u03b6\u03b7\u03c4\u03ae\u03c3\u03b5\u03b9 \u03c4\u03b7\u03bd \u03c4\u03b1\u03c5\u03c4\u03bf\u03c0\u03bf\u03af\u03b7\u03c3\u03ae \u03c3\u03b1\u03c2. \u03a0\u03b1\u03c1\u03b1\u03ba\u03b1\u03bb\u03ce \u03b5\u03b9\u03c3\u03ac\u03b3\u03b5\u03c4\u03b5 \u03c4\u03bf \u03cc\u03bd\u03bf\u03bc\u03b1 \u03c7\u03c1\u03ae\u03c3\u03c4\u03b7 \u03ba\u03b1\u03b9 \u03c4\u03bf\u03bd \u03ba\u03c9\u03b4\u03b9\u03ba\u03cc \u03c0\u03c1\u03cc\u03c3\u03b2\u03b1\u03c3\u03ae\u03c2 \u03c3\u03b1\u03c2 \u03c3\u03c4\u03b7\u03bd \u03c0\u03b1\u03c1\u03b1\u03ba\u03ac\u03c4\u03c9 \u03c6\u03cc\u03c1\u03bc\u03b1.",
		"zu": "Isevisi icele ukuthi uziqinisekise. Sicela ufake igama lakho lomsebenzisi nephasiwedi ngohlobo olungezansi.",
		"xh": "Inkonzo icele ukuba uzingqinisise. Nceda ungenise igama lomsebenzisi nephaswedi yakho kwifomu ngezantsi.",
		"ca": "Un servei us ha demanat autenticar-vos. Introduïu el vostre nom d’usuari i contrasenya en el formulari següent."
	},
	"login_button": {
		"no": "Logg inn",
		"nn": "Logg inn",
		"sv": "Logga in",
		"es": "Iniciar sesi\u00f3n",
		"fr": "S'identifier",
		"de": "Anmelden",
		"nl": "Inloggen",
		"lb": "Login",
		"sl": "Prijava",
		"da": "Login",
		"se": "Mana sis",
		"hr": "Prijavi se",
		"hu": "Bejelentkez\u00e9s",
		"fi": "Kirjaudu",
		"pt-br": "Acessar",
		"pt": "Entrar",
		"pl": "Login",
		"cs": "P\u0159ihl\u00e1sit",
		"eu": "Saioa hasi",
		"tr": "Giri\u015f",
		"lt": "Prisijungti",
		"it": "Login",
		"ja": "\u30ed\u30b0\u30a4\u30f3",
		"zh-tw": "\u767b\u5165",
		"et": "Logi sisse",
		"he": "\u05db\u05e0\u05d9\u05e1\u05d4",
		"ru": "\u0412\u043e\u0439\u0442\u0438",
		"zh": "\u767b\u5f55",
		"ar": "\u062a\u0633\u062c\u064a\u0644 \u0627\u0644\u062f\u062e\u0648\u0644",
		"id": "Login",
		"lv": "Piesl\u0113gties",
		"sr": "Prijavi se",
		"ro": "Autentificare",
		"xh": "Ngena",
		"af": "Meld aan",
		"el": "\u0395\u03af\u03c3\u03bf\u03b4\u03bf\u03c2",
		"zu": "Ngena",
		"ca": "Inicia la sessió"
	},
	"processing": {
		"es": "Procesando...",
		"sl": "Procesiranje...",
		"zh-tw": "\u8655\u7406\u4e2d...",
		"zu": "Iyacubungula...",
		"xh": "Iyaprosesa...",
		"ca": "Processant.."
	},
	"username": {
		"no": "Brukernavn",
		"nn": "Brukarnamn",
		"sv": "Anv\u00e4ndarnamn",
		"es": "Nombre de usuario",
		"fr": "Identifiant",
		"de": "Nutzername",
		"nl": "Gebruikersnaam",
		"lb": "Benotzernumm",
		"sl": "Uporabni\u0161ko ime",
		"da": "Brugernavn",
		"se": "Geavahusnamma",
		"hr": "Korisni\u010dka oznaka",
		"hu": "Felhaszn\u00e1l\u00f3n\u00e9v",
		"fi": "Tunnus",
		"pt-br": "Usu\u00e1rio",
		"pt": "Nome de utilizador",
		"pl": "Nazwa u\u017cytkownika",
		"cs": "U\u017eivatel",
		"eu": "Erabiltzaile-izena",
		"tr": "Kullan\u0131c\u0131 ad\u0131",
		"lt": "Prisijungimo vardas",
		"it": "Nome utente",
		"ja": "\u30e6\u30fc\u30b6\u30fc\u540d",
		"zh-tw": "\u5e33\u865f",
		"et": "Kasutajatunnus",
		"he": "\u05e9\u05dd \u05de\u05e9\u05ea\u05de\u05e9",
		"ru": "\u0418\u043c\u044f \u043f\u043e\u043b\u044c\u0437\u043e\u0432\u0430\u0442\u0435\u043b\u044f",
		"zh": "\u7528\u6237\u540d",
		"ar": "\u0627\u0633\u0645 \u0627\u0644\u0645\u0633\u062a\u062e\u062f\u0645",
		"id": "Username",
		"lv": "Lietot\u0101ja v\u0101rds",
		"sr": "Korisni\u010dko ime",
		"ro": "Nume de utilizator",
		"xh": "Igama lomsebenzisi",
		"af": "Gebruikersnaam",
		"el": "\u038c\u03bd\u03bf\u03bc\u03b1 \u03a7\u03c1\u03ae\u03c3\u03c4\u03b7",
		"zu": "Igama lomsebenzisi",
		"ca": "Nom d'usuari"
	},
	"organization": {
		"no": "Organisasjon",
		"nn": "Organisasjon",
		"sv": "Organisation",
		"es": "Organizaci\u00f3n",
		"fr": "Fournisseur",
		"de": "Organisation",
		"nl": "Organisatie",
		"lb": "Organisatioun",
		"sl": "Organizacija",
		"da": "Organisationsnavn",
		"se": "Organisa\u0161uvdna",
		"hr": "Ustanova",
		"hu": "Szervezet",
		"fi": "Organisaatio",
		"pt-br": "Organiza\u00e7\u00e3o",
		"pt": "Organiza\u00e7\u00e3o",
		"pl": "Organizacja",
		"cs": "Organizace",
		"eu": "Erakundea",
		"tr": "Organizasyon",
		"lt": "Organizacija",
		"it": "Organizzazione",
		"ja": "\u7d44\u7e54",
		"zh-tw": "\u7d44\u7e54",
		"et": "Organisatsioon",
		"he": "\u05d0\u05d9\u05e8\u05d2\u05d5\u05df",
		"ru": "\u041e\u0440\u0433\u0430\u043d\u0438\u0437\u0430\u0446\u0438\u044f",
		"zh": "\u7ec4\u7ec7",
		"ar": "\u0627\u0644\u062c\u0647\u0629 ",
		"id": "Organisasi",
		"lv": "Organiz\u0101cija",
		"sr": "Institucija",
		"ro": "Institu\u021bie",
		"xh": "Umbutho",
		"af": "Organisasie",
		"el": "\u039f\u03c1\u03b3\u03b1\u03bd\u03b9\u03c3\u03bc\u03cc\u03c2",
		"zu": "Inhlangano",
		"ca": "Organització"
	},
	"password": {
		"no": "Passord",
		"nn": "Passord",
		"sv": "L\u00f6senord",
		"es": "Contrase\u00f1a",
		"fr": "Mot de passe",
		"de": "Passwort",
		"nl": "Wachtwoord",
		"lb": "Passwuert",
		"sl": "Geslo",
		"da": "Kodeord",
		"se": "Beassans\u00e1tni",
		"hr": "Zaporka",
		"hu": "Jelsz\u00f3",
		"fi": "Salasana",
		"pt-br": "Senha",
		"pt": "Senha",
		"pl": "Has\u0142o",
		"cs": "Heslo",
		"eu": "Pasahitza",
		"tr": "\u015eifre",
		"lt": "Slapta\u017eodis",
		"it": "Password",
		"ja": "\u30d1\u30b9\u30ef\u30fc\u30c9",
		"zh-tw": "\u5bc6\u78bc",
		"et": "Parool",
		"he": "\u05e1\u05d9\u05e1\u05de\u05d4",
		"ru": "\u041f\u0430\u0440\u043e\u043b\u044c",
		"zh": "\u5bc6\u7801",
		"ar": "\u0643\u0644\u0645\u0629 \u0627\u0644\u0633\u0631",
		"id": "Password",
		"lv": "Parole",
		"sr": "Lozinka",
		"ro": "Parola",
		"xh": "Igama lokugqithisa",
		"af": "Wagwoord",
		"el": "\u039a\u03c9\u03b4\u03b9\u03ba\u03cc\u03c2",
		"zu": "Iphasiwedi",
		"ca": "Contrasenya"
	},
	"help_header": {
		"no": "Hjelp! Jeg har glemt passordet mitt.",
		"nn": "Hjelp! Eg har gl\u00f8ymd passordet mitt",
		"sv": "Hj\u00e4lp! Jag kommer inte ih\u00e5g mitt l\u00f6senord.",
		"es": "\u00a1Ayuda! Se me ha olvidado la contrase\u00f1a.",
		"fr": "\u00c0 l'aide!  Je ne me souviens plus de mon mot de passe.",
		"de": "Hilfe, ich habe mein Passwort vergessen.",
		"nl": "Help! Ik weet mijn wachtwoord niet meer.",
		"lb": "Hellef! Ech hun m\u00e4in Passwuert vergiess!",
		"sl": "Na pomo\u010d! Pozabil sem svoje geslo.",
		"da": "Hj\u00e6lp! Jeg har glemt mit kodeord.",
		"hr": "Upomo\u0107! Zaboravio\/la sam svoju zaporku.",
		"hu": "Seg\u00edts\u00e9g! Elfelejtettem a jelszavam.",
		"fi": "Apua! En muista salasanaani",
		"pt-br": "Ajude-me! N\u00e3o lembro minha senha.",
		"pt": "N\u00e3o me lembro da minha senha",
		"pl": "Pomocy! Nie pami\u0119tam has\u0142a.",
		"cs": "Chci pomoci. Zapomn\u011bl jsem heslo.",
		"eu": "Lagundu! Ez dut nire pasahitza gogoratzen.",
		"tr": "Yard\u0131m! \u015eifremi hat\u0131rlam\u0131yorum.",
		"lt": "Pagalbos! Nepamenu savo slapta\u017eod\u017eio.",
		"it": "Aiuto! Non ricordo la mia password.",
		"ja": "\u305f\u3059\u3051\u3066! \u30d1\u30b9\u30ef\u30fc\u30c9\u3092\u601d\u3044\u51fa\u305b\u307e\u305b\u3093\u3002",
		"zh-tw": "\u6c42\u6551\uff01\u6211\u5fd8\u8a18\u5bc6\u78bc\u4e86\u3002",
		"et": "Appi! Ma ei m\u00e4leta parooli.",
		"he": "\u05d4\u05e6\u05d9\u05dc\u05d5! \u05e9\u05db\u05d7\u05ea\u05d9 \u05d0\u05ea \u05d4\u05e1\u05d9\u05e1\u05de\u05d4.",
		"ru": "\u041f\u043e\u043c\u043e\u0433\u0438\u0442\u0435! \u042f \u043d\u0435 \u043f\u043e\u043c\u043d\u044e \u0441\u0432\u043e\u0439 \u043f\u0430\u0440\u043e\u043b\u044c.",
		"zh": "\u5e2e\u52a9\uff01\u6211\u5fd8\u8bb0\u6211\u7684\u5bc6\u7801\u4e86\uff01",
		"ar": "\u0633\u0627\u0639\u062f\u0646\u064a! \u0644\u0627 \u0627\u0630\u0643\u0631 \u0643\u0644\u0645\u0629 \u0627\u0644\u0633\u0631",
		"id": "Tolong! Saya tidak ingat password saya",
		"lv": "Pal\u012bdziet! Es neatceros paroli.",
		"sr": "Upomo\u0107! Zaboravio\/la sam svoju lozinku.",
		"ro": "Nu mai \u0219tiu parola.",
		"af": "Hulp! Ek het nie my wagwoord onthou nie.",
		"el": "\u0392\u03bf\u03ae\u03b8\u03b5\u03b9\u03b1! \u0394\u03b5 \u03b8\u03c5\u03bc\u03ac\u03bc\u03b1\u03b9 \u03c4\u03bf\u03bd \u03ba\u03c9\u03b4\u03b9\u03ba\u03cc \u03bc\u03bf\u03c5.",
		"zu": "Siza! Angiyikhumbuli iphasiwedi yami.",
		"xh": "Ncedani! Andiyikhumbuli iphaswedi yam.",
		"ca": "Ajuda! No recordo la meva contrasenya."
	},
	"help_text": {
		"no": "Synd! - Uten riktig brukernavn og passord kan du ikke autentisere deg. Det kan v\u00e6re noen som kan hjelpe deg. Fors\u00f8k \u00e5 kontakt brukerst\u00f8tte ved din vertsorganisasjon.",
		"nn": "Synd! - Utan riktig brukarnamn og passord kan du ikkje autentisera deg.  Ta kontakt med brukarst\u00f8tte hos din organisasjon.",
		"sv": "Tyv\u00e4rr kan du inte logga in i tj\u00e4nsten om du inte har ditt anv\u00e4ndarnamn och ditt l\u00f6senord. Ta kontakt med din organisations support eller helpdesk f\u00f6r att f\u00e5 hj\u00e4lp.",
		"es": "Sin su nombre de usuario y contrase\u00f1a no se puede identificar y acceder al servicio. Quiz\u00e1s haya alguien que pueda ayudarle. \u00a1Contacte con el centro de atenci\u00f3n al usuario de su organizaci\u00f3n!",
		"fr": "Pas de chance! Sans votre identifiant et votre mot de passe vous ne pouvez pas vous authentifier et acc\u00e9der au service. Il y a peut-\u00eatre quelqu'un pour vous aider.  Contactez le help desk de votre universit\u00e9!",
		"de": "Tut uns leid - Ohne Nutzername und Passwort k\u00f6nnen Sie sich nicht authentifizieren und somit den Dienst nicht nutzen. M\u00f6glicherweise kann ihnen jemand helfen, kontaktieren Sie dazu den Helpdesk ihrer Einrichtung.",
		"nl": "Zonder je gebruikersnaam en wachtwoord kun je je niet authenticeren en dus niet gebruikmaken van deze dienst.",
		"lb": "Pesch gehaat! - Ouni aeren Benotzernumm an d'Passwuert k\u00ebnn der aerch net authentifiz\u00e9iren an op den Service zougraiffen.",
		"sl": "\u017dal se brez uporabni\u0161kega imena in gesla ne morete prijaviti in uporabljati storitev.",
		"da": "Desv\u00e6rre, uden korrekt brugernavn og kodeord kan du ikke f\u00e5 adgang til tjenesten. M\u00e5ske kan help-desk p\u00e5 din hjemmeinstitution hj\u00e6lpe dig!",
		"hr": "\u0160teta! - Bez ispravne korisni\u010dke oznake i zaporke ne mo\u017eete pristupiti aplikaciji. Da biste saznali va\u0161u zaporku kontaktirajte administratora elektroni\u010dkog (LDAP) imenika va\u0161e ustanove.",
		"hu": "Ajaj! - Felhaszn\u00e1l\u00f3i neve \u00e9s jelszava n\u00e9lk\u00fcl nem tudja azonos\u00edtani mag\u00e1t, \u00edgy nem f\u00e9rhet hozz\u00e1 a szolg\u00e1ltat\u00e1shoz. Biztosan van valaki, aki tud \u00f6nnek seg\u00edteni. Vegye fel a kapcsolatot az \u00fcgyf\u00e9lszolg\u00e1lattal!",
		"fi": "Pahus! - Ilman tunnusta ja salasanaa et voi kirjautua palveluun. Voi olla, ett\u00e4 joku voi auttaa sinua. Ole hyv\u00e4 ja ota yhteytt\u00e4 korkeakoulusi tukeen!",
		"pt-br": "Muito mal! - Sem o seu nome de usu\u00e1rio e a senha voc\u00ea n\u00e3o pode autenticar-se para acessar o servi\u00e7o. Pode haver algu\u00e9m que possa lhe ajudar. Consulte a central de d\u00favidas!",
		"pt": "Sem o seu nome de utilizador e senha n\u00e3o se pode autenticar para acesso ao servi\u00e7o. Para obter ajuda, consulte o seu servi\u00e7o de apoio ao utilizador.",
		"pl": "Niedobrze! - Bez nazwy u\u017cytkownika i\/lub has\u0142a nie mo\u017cesz zosta\u0107 uwierzytelniony dla tego serwisu. Mo\u017ce jest kto\u015b, kto mo\u017ce Ci pom\u00f3c. Skonsultuj si\u0119 z dzia\u0142em pomocy technicznej na Twojej uczelni.",
		"cs": "Probl\u00e9m! Bez jm\u00e9na a hesla se nem\u016f\u017eete identifikovat. Existuje n\u011bkdo kdo v\u00e1m pom\u016f\u017ee. Konzultujte helpdesk va\u0161\u00ed organizace.",
		"tr": "\u00c7ok k\u00f6t\u00fc! - Kullan\u0131c\u0131 ad\u0131n\u0131z ve \u015fifreniz olmadan bu servisi kullanamazs\u0131n\u0131z. Size yard\u0131mc\u0131 olabilecek birileri olabilir. Kurulu\u015funuza dan\u0131\u015f\u0131n. ",
		"lt": "Blogai - be prisijungimo vardo ir slapta\u017eod\u017eio negal\u0117site autentikuotis ir patekti \u012f reikiam\u0105 paslaug\u0105. Galb\u016bt yra kas Jums gal\u0117t\u0173 pad\u0117ti. Susisiekite su savo universiteto vartotoj\u0173 aptarnavimo specialistais.",
		"it": "Senza il nome utente e la password, non \u00e8 possibile effettuare l'autenticazione al servizio. C'\u00e8 probabilmente qualcuno che pu\u00f2 fornire aiuto. Consultare il proprio help desk.",
		"ja": "\u304a\u6c17\u306e\u6bd2\u3067\u3059! - \u30e6\u30fc\u30b6\u30fc\u540d\u3068\u30d1\u30b9\u30ef\u30fc\u30c9\u304c\u7121\u304f\u3066\u306f\u30b5\u30fc\u30d3\u30b9\u306b\u30a2\u30af\u30bb\u30b9\u3059\u308b\u70ba\u306b\u3042\u306a\u305f\u81ea\u8eab\u3092\u8a8d\u8a3c\u3059\u308b\u4e8b\u304c\u51fa\u6765\u307e\u305b\u3093\u3002\u3042\u306a\u305f\u306e\u5927\u5b66\u306e\u30d8\u30eb\u30d7\u30c7\u30b9\u30af\u306b\u76f8\u8ac7\u3059\u308b\u3068\u3001\u3042\u306a\u305f\u306e\u52a9\u3051\u306b\u306a\u3063\u3066\u304f\u308c\u308b\u3067\u3057\u3087\u3046\u3002",
		"zh-tw": "\u6c92\u6709\u60a8\u7684\u5e33\u865f\u5bc6\u78bc\u7684\u8a71\u5c07\u6703\u7121\u6cd5\u5b58\u53d6\u670d\u52d9\u5537\uff01\u8acb\u806f\u7e6b\u60a8\u7684\u7d44\u7e54\u670d\u52d9\u53f0\uff0c\u4e5f\u8a31\u6703\u6709\u4eba\u80fd\u5e6b\u52a9\u4f60\u3002",
		"et": "Paha lugu! Ilma kasutajatunnust ja parooli teadmata pole v\u00f5imalik seda teenust kasutada. Loodetavasti saab sind keegi aidata. V\u00f5ta \u00fchendust oma \u00fclikooli kasutajatoeteenusega!",
		"he": "\u05d7\u05d1\u05dc! - \u05d1\u05dc\u05d9 \u05e9\u05dd \u05d4\u05de\u05e9\u05ea\u05de\u05e9 \u05d5\u05d4\u05e1\u05d9\u05e1\u05de\u05d4 \u05e9\u05dc\u05da \u05d0\u05ea\u05d4 \u05dc\u05d0 \u05d9\u05db\u05d5\u05dc \u05dc\u05d4\u05d6\u05d3\u05d4\u05d5\u05ea \u05d1\u05db\u05d3\u05d9 \u05dc\u05d2\u05e9\u05ea \u05dc\u05e9\u05d9\u05e8\u05d5\u05ea. \u05d9\u05db\u05d5\u05dc \u05dc\u05d4\u05d9\u05d5\u05ea \u05e9\u05d9\u05e9 \u05de\u05d9\u05e9\u05d4\u05d5 \u05e9\u05d9\u05db\u05d5\u05dc \u05dc\u05e2\u05d6\u05d5\u05e8 \u05dc\u05da. \u05e4\u05e0\u05d4 \u05dc\u05ea\u05de\u05d9\u05db\u05d4 \u05d4\u05d8\u05db\u05e0\u05d9\u05ea \u05d1\u05d0\u05d5\u05e0\u05d9\u05d1\u05e8\u05e1\u05d9\u05d8\u05d4 \u05e9\u05dc\u05da!",
		"ru": "\u041e\u0447\u0435\u043d\u044c \u043f\u043b\u043e\u0445\u043e! - \u0411\u0435\u0437 \u0432\u0430\u0448\u0438\u0445 \u0438\u043c\u0435\u043d\u0438 \u043f\u043e\u043b\u044c\u0437\u043e\u0432\u0430\u0442\u0435\u043b\u044f \u0438 \u043f\u0430\u0440\u043e\u043b\u044f \u0432\u044b \u043d\u0435 \u043c\u043e\u0436\u0435\u0442\u0435 \u043f\u043e\u0434\u0442\u0432\u0435\u0440\u0434\u0438\u0442\u044c \u0432\u0430\u0448\u0435 \u043f\u0440\u0430\u0432\u043e \u043d\u0430 \u0434\u043e\u0441\u0442\u0443\u043f \u043a \u0441\u043b\u0443\u0436\u0431\u0435. \u041c\u043e\u0436\u0435\u0442 \u0431\u044b\u0442\u044c \u0435\u0441\u0442\u044c \u043a\u0442\u043e-\u043d\u0438\u0431\u0443\u0434\u044c, \u043a\u0442\u043e \u0441\u043c\u043e\u0436\u0435\u0442 \u043f\u043e\u043c\u043e\u0447\u044c \u0432\u0430\u043c. \u041f\u0440\u043e\u043a\u043e\u043d\u0441\u0443\u043b\u044c\u0442\u0438\u0440\u0443\u0439\u0442\u0435\u0441\u044c \u0441\u043e \u0441\u0432\u043e\u0435\u0439 \u0441\u043b\u0443\u0436\u0431\u043e\u0439 \u043f\u043e\u0434\u0434\u0435\u0440\u0436\u043a\u0438 \u0432 \u0432\u0430\u0448\u0435\u043c \u0443\u043d\u0438\u0432\u0435\u0440\u0441\u0438\u0442\u0435\u0442\u0435!",
		"zh": "\u592a\u7cdf\u7cd5\u4e86\uff01-\u6ca1\u6709\u4f60\u7684\u7528\u6237\u540d\u548c\u5bc6\u7801\u4f60\u5c06\u4e0d\u80fd\u8bbf\u95ee\u8be5\u670d\u52a1\uff0c\u4e5f\u8bb8\u6709\u4eba\u80fd\u591f\u5e2e\u52a9\u4f60\uff0c\u8bf7\u54a8\u8be2\u4f60\u6240\u5728\u5927\u5b66\u7684\u670d\u52a1\u53f0",
		"ar": "\u0644\u0633\u0648\u0621 \u0627\u0644\u062d\u0638 \u0644\u0627 \u064a\u0645\u0643\u0646\u0646\u0627 \u0627\u0644\u062a\u0648\u062b\u0642 \u0645\u0646 \u0647\u0648\u064a\u062a\u0643 \u0628\u062f\u0648\u0646 \u0627\u0633\u0645 \u0627\u0644\u0645\u0633\u062a\u062e\u062f\u0645 \u0648 \u0643\u0644\u0645\u0629 \u0627\u0644\u0633\u0631 \u0648\u0628\u0627\u0644\u062a\u0627\u0644\u064a \u0644\u0627 \u064a\u0645\u0643\u0646\u0643 \u0627\u0633\u062a\u062e\u062f\u0627\u0645 \u0627\u0644\u062e\u062f\u0645\u0629. \u0644\u0644\u0645\u0633\u0627\u0639\u062f\u0629 \u0627\u062a\u0635\u0644 \u0628\u0627\u0644\u0645\u0648\u0638\u0641 \u0627\u0644\u0645\u0633\u0624\u0648\u0644 \u0628\u0635\u0641\u062d\u0629 \u0627\u0644\u0645\u0633\u0627\u0639\u062f\u0629 \u0628\u062c\u0627\u0645\u0639\u062a\u0643",
		"id": "Sayang sekali! - Tanpa username dan password Anda tidak dapat melakukan autentifikasi agar dapat mengakses layanan. Mungkin ada seseorang yang dapat menolong Anda. Hubungi help desk pada universitas Anda.",
		"lv": "Bez lietot\u0101ja v\u0101rda un paroles J\u016bs nevarat autentific\u0113ties un nevarat izmantot servisu. Iesp\u0113jams, ir k\u0101ds, kas var Jums pal\u012bdz\u0113t. Vaic\u0101jiet savas universit\u0101tes pal\u012bdz\u012bbas dienestam.",
		"sr": "\u0160teta! - Bez ispravnog korisni\u010dkog imena i lozinke ne mo\u017eete pristupiti servisu. Da biste saznali va\u0161e korisni\u010dko ime i lozinku obratite se va\u0161oj mati\u010dnoj instituciji.",
		"ro": "Din p\u0103cate f\u0103r\u0103 nume de utilizator \u0219i parol\u0103 nu v\u0103 pute\u021bi autentifica pentru accesul la acest serviciu. Contacta\u021bi echipa de suport tehnic de la universitatea dumneavoastr\u0103.",
		"eu": "Zeinen txarto! - Zure erabiltziale-izena eta pasahitza gabe ezin zara identifikatu ezta zerbitzuan sartu ere. Agian bada norbait lagun diezazukeena. Jar zaitez harremanetan erakundeko laguntza zentroarekin!",
		"af": "Jammer! - Sonder jou gebruikersnaam en wagwoord kan jy jouself nie vir toegang tot die diens identifiseer nie. Dalk is daar iemand wat jou kan help. Raadpleeg die hulplyn by jou organisasie!",
		"el": "\u039b\u03c5\u03c0\u03bf\u03cd\u03bc\u03b1\u03c3\u03c4\u03b5. \u03a7\u03c9\u03c1\u03af\u03c2 \u03c4\u03bf \u03cc\u03bd\u03bf\u03bc\u03b1 \u03c7\u03c1\u03ae\u03c3\u03c4\u03b7 \u03ba\u03b1\u03b9 \u03c4\u03bf\u03bd \u03ba\u03c9\u03b4\u03b9\u03ba\u03cc \u03c3\u03b1\u03c2, \u03b4\u03b5\u03bd \u03bc\u03c0\u03bf\u03c1\u03b5\u03af\u03c4\u03b5 \u03bd\u03b1 \u03c4\u03b1\u03c5\u03c4\u03bf\u03c0\u03bf\u03b9\u03b7\u03b8\u03b5\u03af\u03c4\u03b5 \u03ce\u03c3\u03c4\u03b5 \u03bd\u03b1 \u03b1\u03c0\u03bf\u03ba\u03c4\u03ae\u03c3\u03b5\u03c4\u03b5 \u03c0\u03c1\u03cc\u03c3\u03b2\u03b1\u03c3\u03b7 \u03c3\u03c4\u03b7\u03bd \u03c5\u03c0\u03b7\u03c1\u03b5\u03c3\u03af\u03b1. \u03a3\u03c5\u03bc\u03b2\u03bf\u03c5\u03bb\u03b5\u03c5\u03c4\u03b5\u03af\u03c4\u03b5 \u03c4\u03b7\u03bd \u03c5\u03c0\u03b7\u03c1\u03b5\u03c3\u03af\u03b1 \u03b1\u03c1\u03c9\u03b3\u03ae\u03c2 \u03c7\u03c1\u03b7\u03c3\u03c4\u03ce\u03bd \u0028\u0068\u0065\u006c\u0070 \u0064\u0065\u0073\u006b\u0029 \u03c4\u03bf\u03c5 \u03bf\u03c1\u03b3\u03b1\u03bd\u03b9\u03c3\u03bc\u03bf\u03cd \u03c3\u03b1\u03c2.",
		"xh": "Ngaphandle kwegama lomsebenzisi nephaswedi yakho awukwazi ukuzingqinisisa ukuze ufumane ufikelelo kwinkonzo. Kusenokuba ukho umntu onokukunceda. Qhagamshelana nedesika yoncedo kumbutho wakho!",
		"zu": "Ngaphandle kwegama lakho lomsebenzisi nephasiwedi awukwazi ukuziqinisekisa ukuze ufinyelele isevisi. Kungase kube khona ozokusiza. Thinta ideski losizo enhlanganweni yakho!",
		"ca": "Sense el vostre nom d'usuari i contrasenya, no podeu autenticar-vos per accedir al servei. Pot ser que algú us pugui ajudar. Poseu-vos en contacte amb el centre d'atenció a l'usuari"
	},
	"error_nopassword": {
		"no": "Du kontaktet loginsiden, men passordet ble ikke sendt med. Fors\u00f8k igjen.",
		"nn": "Passordet blei ikkje sendt. Pr\u00f8v p\u00e5 nytt.",
		"sv": "Du skicka in en inloggningsf\u00f6rfr\u00e5gan men det verkar som om ditt l\u00f6senord inte fanns med i f\u00f6rfr\u00e5gan. F\u00f6rs\u00f6k igen!",
		"es": "Usted envi\u00f3 algo a la p\u00e1gina de acceso pero, por alguna raz\u00f3n, no se envi\u00f3 la contrase\u00f1a. Int\u00e9ntelo de nuevo, por favor.",
		"fr": "Vous avez envoy\u00e9 quelque chose sur la page d'identification mais pour une raison inconnue votre mot de passe n'a pas \u00e9t\u00e9 transmis. Veuillez r\u00e9essayer.",
		"de": "Sie haben etwas an die Anmeldeseite geschickt, aber aus irgendeinem Grund ist das Passwort nicht \u00fcbermittelt worden. Bitte versuchen Sie es erneut.",
		"nl": "Je hebt wel iets ingetikt, maar blijkbaar is je wachtwoord niet verstuurd. Probeer het opnieuw AUB.",
		"lb": "Der hud eppes un d'Login Sait gesch\u00e9eckt me aus iergentengem Grond huet d Passwuert gefehlt. Prob\u00e9iert w.e.g nach eng K\u00e9ier.",
		"sl": "Pri\u0161lo je do napake, poskusite znova.",
		"da": "Dit kodeord blev ikke sendt - pr\u00f8v igen.",
		"hr": "Iz nekog razloga autentifikacijskom servisu nije proslije\u0111ena va\u0161a zaporka. Molimo poku\u0161ajte ponovo.",
		"hu": "Valamilyen okn\u00e1l fogva a jelsz\u00f3 nem olvashat\u00f3. K\u00e9rj\u00fck, pr\u00f3b\u00e1lja \u00fajra!",
		"fi": "L\u00e4hetit jotain kirjautumissivulle, mutta jostain syyst\u00e4 salasanaa ei l\u00e4hetetty. Ole hyv\u00e4 ja yrit\u00e4 uudestaan.",
		"pt-br": "Voc\u00ea enviou alguma coisa para a p\u00e1gina de login, mas por alguma raz\u00e3o a senha n\u00e3o foi enviada. Por favor tente novamente.",
		"pt": "A senha n\u00e3o foi enviada no seu pedido. Por favor tente de novo.",
		"pl": "Wys\u0142a\u0142e\u015b \"co\u015b\" do strony logowania, ale z jaki\u015b powod\u00f3w has\u0142o nie zosta\u0142o wys\u0142ane. Spr\u00f3buj jeszcze raz.",
		"cs": "Odeslal jste data do p\u0159ihla\u0161ovac\u00ed stranky, ale z n\u011bjak\u00e9ho d\u016fvodu nebylo odesl\u00e1no heslo. Pros\u00edm zkuste to znovu.",
		"tr": "Giri\u015f sayfas\u0131na bir\u015feyler g\u00f6nderdiniz, fakat baz\u0131 nedenlerden dolay\u0131 \u015fifreniz g\u00f6nderilemedi. L\u00fctfen tekrar deneyiniz.",
		"lt": "J\u016bs ka\u017ek\u0105 nusiunt\u0117te \u012f prisijungimo puslap\u012f, ta\u010diau d\u0117l ka\u017ekoki\u0173 prie\u017eas\u010di\u0173 slapta\u017eodis nebuvo nusi\u0173stas. Pra\u0161ome bandyti dar kart\u0105.",
		"it": "Sono state inviate delle informazioni alla pagina di login, ma per qualche motivo la password risulta mancante. Si prega di riprovare.",
		"ja": "\u3042\u306a\u305f\u306f\u30ed\u30b0\u30a4\u30f3\u30da\u30fc\u30b8\u3067\u4f55\u304b\u3092\u9001\u4fe1\u3057\u307e\u3057\u305f\u304c\u3001\u4f55\u3089\u304b\u306e\u7406\u7531\u3067\u30d1\u30b9\u30ef\u30fc\u30c9\u304c\u9001\u4fe1\u3055\u308c\u307e\u305b\u3093\u3067\u3057\u305f\u3002\u518d\u5ea6\u8a66\u3057\u3066\u307f\u3066\u304f\u3060\u3055\u3044\u3002",
		"zh-tw": "\u60a8\u7684\u78ba\u50b3\u9001\u4e86\u4e00\u4e9b\u8a0a\u606f\u81f3\u767b\u5165\u9801\u9762\uff0c\u4f46\u662f\u5bc6\u78bc\u4f3c\u4e4e\u672a\u88ab\u9001\u51fa\uff0c\u8acb\u518d\u8a66\u4e00\u6b21\u3002",
		"et": "Sa saatsid midagi sisselogimislehele, kuid miskip\u00e4rast parooli ei saadetud. Palun proovi uuesti.",
		"he": "\u05e9\u05dc\u05d7\u05ea \u05de\u05e9\u05d4\u05d5 \u05dc\u05d3\u05e3 \u05d4\u05db\u05e0\u05d9\u05e1\u05d4 \u05dc\u05de\u05e2\u05e8\u05db\u05ea, \u05d0\u05d1\u05dc \u05d1\u05d2\u05dc\u05dc \u05e1\u05d9\u05d1\u05d4 \u05db\u05dc \u05e9\u05d4\u05d9\u05d0 \u05d4\u05e1\u05d9\u05e1\u05de\u05d4 \u05dc\u05d0 \u05e0\u05e9\u05dc\u05d7\u05d4. \u05d1\u05d1\u05e7\u05e9\u05d4 \u05e0\u05e1\u05d4 \u05e9\u05d5\u05d1.",
		"ru": "\u0412\u044b \u043e\u0442\u043f\u0440\u0430\u0432\u0438\u043b\u0438 \u0438\u043d\u0444\u043e\u0440\u043c\u0430\u0446\u0438\u044e \u043d\u0430 \u0441\u0442\u0440\u0430\u043d\u0438\u0446\u0443 \u0432\u0445\u043e\u0434\u0430, \u043d\u043e \u043f\u043e \u043a\u0430\u043a\u0438\u043c-\u0442\u043e \u043f\u0440\u0438\u0447\u0438\u043d\u0430\u043c \u043f\u0430\u0440\u043e\u043b\u044c \u043d\u0435 \u043f\u043e\u0441\u043b\u0430\u043d. \u041f\u043e\u0436\u0430\u043b\u0443\u0439\u0441\u0442\u0430, \u043f\u043e\u043f\u0440\u043e\u0431\u0443\u0439\u0442\u0435 \u0441\u043d\u043e\u0432\u0430.",
		"zh": "\u4f60\u786e\u5b9e\u53d1\u9001\u4e86\u4e00\u4e9b\u4fe1\u606f\u7ed9\u767b\u5f55\u9875\u9762\uff0c\u4f46\u7531\u4e8e\u67d0\u4e9b\u539f\u56e0\uff0c\u4f60\u6ca1\u6709\u53d1\u9001\u5bc6\u7801\uff0c\u8bf7\u518d\u8bd5\u4e00\u6b21",
		"ar": "\u0644\u0642\u062f \u0642\u0645\u062a \u0628\u0625\u0631\u0633\u0627\u0644 \u0645\u0639\u0644\u0648\u0645\u0627\u062a \u0644\u0635\u0641\u062d\u0629 \u0627\u0644\u062f\u062e\u0648\u0644 \u0644\u0643\u0646 \u0643\u0644\u0645\u0629 \u0627\u0644\u0633\u0631 \u063a\u064a\u0631 \u0645\u0631\u0641\u0642\u0629. \u0631\u062c\u0627\u0621\u0627\u064b \u0627\u0639\u062f \u0627\u0644\u0645\u062d\u0627\u0648\u0644\u0629",
		"id": "Anda mengirimkan sesuatu ke halaman login, tetapi karena suatu alasan tertentu password tidak terkirimkan, Silahkan coba lagi.",
		"lv": "Kaut k\u0101du iemeslu d\u0113\u013c parole nav nos\u016bt\u012bta. L\u016bdzu m\u0113\u0123iniet v\u0113lreiz.",
		"sr": "Iz nekog razloga autentifikacionom servisu nije prosle\u0111ena va\u0161a lozinka. Molimo poku\u0161ajte ponovo.",
		"ro": "A\u021bi trimis informa\u021bii c\u0103tre pagina de autentificare dar din motive necunoscute parola nu a fost trimis\u0103. V\u0103 rug\u0103m s\u0103 \u00eencerca\u021bi din nou.",
		"eu": "Sarrera orrira zerbait bidali duzu baina, arrazoiren bategatik, pasahitza ez da bidali.Saia zaitez berriro, mesedez.",
		"af": "Jy het probeer aanmeld maar jou wagwoord is nie verstuur nie, probeer asb. weer.",
		"el": "\u039f \u03ba\u03c9\u03b4\u03b9\u03ba\u03cc\u03c2 \u03c0\u03c1\u03cc\u03c3\u03b2\u03b1\u03c3\u03b7\u03c2 \u03b4\u03b5\u03bd \u03b5\u03c3\u03c4\u03ac\u03bb\u03b7. \u03a0\u03b1\u03c1\u03b1\u03ba\u03b1\u03bb\u03ce, \u03c0\u03c1\u03bf\u03c3\u03c0\u03b1\u03b8\u03ae\u03c3\u03c4\u03b5 \u03be\u03b1\u03bd\u03ac.",
		"zu": "Uthumele okuthile ekhasini lokungena, kodwa ngasizathu simbe iphasiwedi ayizange ithunyelwe. Sicela uzame futhi.",
		"xh": "Uthumele into kwikhasi lokungena, kodwa ngesizathu esithile iphaswedi ayithunyelwanga. Nceda uzame kwakhona.",
		"ca": "Heu enviat alguna cosa a la pàgina d’inici de sessió, però per alguna raó la contrasenya no s’ha enviat. Torneu-ho a provar."
	},
	"error_wrongpassword": {
		"no": "Feil brukernavn eller passord.",
		"nn": "Feil brukarnamn eller passord.",
		"sv": "Fel anv\u00e4ndarnamn eller l\u00f6senord.",
		"es": "Nombre de usuario o contrase\u00f1a incorrectos",
		"fr": "Mauvais identifiant ou mot de passe.",
		"de": "Falscher Nutzername oder Passwort.",
		"nl": "Gebruikersnaam of wachtwoord niet bekend.",
		"lb": "Falschen Benotzernumm oder Passwuert",
		"sl": "Napa\u010dno uporabni\u0161ko ime ali geslo!",
		"da": "Forkert brugernavn eller kodeord.",
		"se": "Boastu geavahusnamma, beassans\u00e1tni dehe organisa\u0161uvdna.",
		"hr": "Neispravna korisni\u010dka oznaka ili zaporka.",
		"hu": "Hib\u00e1s felhaszn\u00e1l\u00f3i n\u00e9v vagy jelsz\u00f3!",
		"fi": "V\u00e4\u00e4r\u00e4 tunnus tai salasana.",
		"pt-br": "Nome de usu\u00e1rio ou senha incorretos.",
		"pt": "Nome de utilizador ou senha incorrecta.",
		"pl": "Nieprawid\u0142owa nazwa u\u017cytkownika lub has\u0142o.",
		"cs": "Nekorektn\u00ed jmeno nebo heslo.",
		"eu": "Erabiltzaile-izena edo pasahitza okerra",
		"tr": "Kullan\u0131c\u0131 ad\u0131 ve\/veya \u015fifre yanl\u0131\u015f.",
		"lt": "Neteisingas prisijungimo vardas arba slapta\u017eodis.",
		"it": "Nome utente o password errati.",
		"ja": "\u30e6\u30fc\u30b6\u30fc\u540d\u304b\u30d1\u30b9\u30ef\u30fc\u30c9\u304c\u9593\u9055\u3063\u3066\u3044\u307e\u3059\u3002",
		"zh-tw": "\u932f\u8aa4\u7684\u5e33\u865f\u6216\u5bc6\u78bc\u3002",
		"et": "Kasutajatunnus v\u00f5i parool pole \u00f5ige.",
		"he": "\u05e1\u05d9\u05e1\u05de\u05d4 \u05d0\u05d5 \u05e9\u05dd \u05de\u05e9\u05ea\u05de\u05e9 \u05dc\u05d0 \u05e0\u05db\u05d5\u05e0\u05d9\u05dd.",
		"ru": "\u041d\u0435\u043f\u0440\u0430\u0432\u0438\u043b\u044c\u043d\u043e\u0435 \u0438\u043c\u044f \u043f\u043e\u043b\u044c\u0437\u043e\u0432\u0430\u0442\u0435\u043b\u044f \u0438\u043b\u0438 \u043f\u0430\u0440\u043e\u043b\u044c.",
		"zh": "\u9519\u8bef\u7684\u7528\u6237\u540d\u6216\u8005\u5bc6\u7801",
		"ar": " \u0627\u0633\u0645 \u0645\u0633\u062a\u062e\u062f\u0645 \u0627\u0648 \u0643\u0644\u0645\u0629 \u0633\u0631 \u062e\u0637\u0627",
		"id": "Username atau password salah",
		"lv": "Nekorekts lietot\u0101ja v\u0101rds vai parole.",
		"sr": "Neispravno korisni\u010dko ime ili lozinka.",
		"ro": "Nume de utilizator incorect sau parola incorect\u0103.",
		"xh": "Awungenanga ngoba igama olisebenzisayo okanye isigqithisi asifakwanga kakuhle.",
		"af": "Verkeerde gebruikersnaam of wagwoord.",
		"el": "\u03a4\u03bf \u03cc\u03bd\u03bf\u03bc\u03b1 \u03c7\u03c1\u03ae\u03c3\u03c4\u03b7 \u03ae \u03bf \u03ba\u03c9\u03b4\u03b9\u03ba\u03cc\u03c2 \u03c0\u03c1\u03cc\u03c3\u03b2\u03b1\u03c3\u03b7\u03c2 \u03b5\u03af\u03bd\u03b1\u03b9 \u03bb\u03ac\u03b8\u03bf\u03c2.",
		"zu": "Igama lomsebenzisi noma iphasiwedi engalungile.",
		"ca": "Nom d'usuari o contrasenya incorrecta."
	},
	"contact_info": {
		"no": "Kontaktinformasjon:",
		"nn": "Kontaktinformasjon:",
		"sv": "Kontaktinformation:",
		"es": "Informaci\u00f3n de contacto:",
		"fr": "Coordonn\u00e9es :",
		"de": "Kontakt",
		"nl": "Contactinformatie",
		"sl": "Kontakt",
		"da": "Kontaktoplysninger",
		"hr": "Kontakt podaci:",
		"hu": "El\u00e9r\u00e9si inform\u00e1ci\u00f3k",
		"fi": "Yhteystiedot",
		"pt-br": "Informa\u00e7\u00f5es de Contato",
		"pt": "Contactos:",
		"pl": "Informacje kontaktowe:",
		"cs": "Kontaktn\u00ed informace",
		"eu": "Harremanetarako informazioa:",
		"tr": "\u0130leti\u015fim bilgileri:",
		"lt": "Kontaktai:",
		"it": "Informazioni di contatto:",
		"ja": "\u9023\u7d61\u5148:",
		"zh-tw": "\u806f\u7d61\u8cc7\u8a0a\uff1a",
		"et": "Kontaktinfo:",
		"he": "\u05e6\u05d5\u05e8 \u05e7\u05e9\u05e8",
		"ru": "\u041a\u043e\u043d\u0442\u0430\u043a\u0442\u043d\u0430\u044f \u0438\u043d\u0444\u043e\u0440\u043c\u0430\u0446\u0438\u044f",
		"zh": "\u8054\u7cfb\u65b9\u5f0f",
		"ar": "\u0628\u064a\u0627\u0646\u0627\u062a \u0627\u0644\u0627\u062a\u0635\u0627\u0644",
		"id": "Informasi Kontak",
		"lv": "Kontaktinform\u0101cija",
		"sr": "Kontakt podaci:",
		"ro": "Informa\u021bii de contact:",
		"af": "Kontak detail:",
		"el": "\u03a3\u03c4\u03bf\u03b9\u03c7\u03b5\u03af\u03b1 \u03b5\u03c0\u03b9\u03ba\u03bf\u03b9\u03bd\u03c9\u03bd\u03af\u03b1\u03c2:",
		"zu": "Ulwazi lokuxhumana:",
		"xh": "Inkcazelo yoqhagamshelwano:",
		"ca": "Informació de contacte:"
	},
	"select_home_org": {
		"no": "Velg vertsorganisasjon",
		"nn": "Vel vertsorganisasjon",
		"sv": "V\u00e4lj vilken organisation du kommer ifr\u00e5n",
		"es": "Seleccione su organizaci\u00f3n de origen",
		"fr": "Choisissez votre fournisseur.",
		"de": "W\u00e4hlen sie die Einrichtung, von der Sie ihre Zugangsdaten beziehen",
		"nl": "Kies je organisatie",
		"sl": "Izberite va\u0161o doma\u010do organizacijo",
		"da": "V\u00e6lg din hjemmeinstitution",
		"hr": "Odaberite va\u0161u mati\u010dnu ustanovu",
		"hu": "V\u00e1lassza ki az \u00f6n szervezet\u00e9t",
		"fi": "Valitse kotiorganisaatiosi",
		"pt-br": "Escolha a sua organiza\u00e7\u00e3o principal",
		"pt": "Escolha a sua organiza\u00e7\u00e3o de origem",
		"pl": "Wybierz swoj\u0105 domow\u0105 organizacj\u0119",
		"cs": "Zvolte svou organizaci",
		"tr": "Organizasyonunuzu se\u00e7iniz",
		"lt": "Pasirinkite savo organizacij\u0105",
		"it": "Selezionare la propria organizzazione",
		"ja": "\u3042\u306a\u305f\u306e\u7d44\u7e54\u3092\u9078\u629e\u3057\u3066\u304f\u3060\u3055\u3044",
		"zh-tw": "\u9078\u64c7\u60a8\u7684\u6240\u5c6c\u7d44\u7e54",
		"et": "Vali oma koduorganisatsioon",
		"he": "\u05d1\u05d7\u05e8 \u05d0\u05ea \u05d0\u05d9\u05e8\u05d2\u05d5\u05df \u05d4\u05d1\u05d9\u05ea \u05e9\u05dc\u05da",
		"ru": "\u0412\u044b\u0431\u0435\u0440\u0438\u0442\u0435 \u0432\u0430\u0448\u0443 \u0434\u043e\u043c\u0430\u0448\u043d\u044e\u044e \u043e\u0440\u0433\u0430\u043d\u0438\u0437\u0430\u0446\u0438\u044e",
		"zh": "\u9009\u62e9\u4f60\u7684\u7ec4\u7ec7",
		"ar": "\u0627\u062e\u062a\u0627\u0631 \u062c\u0647\u062a\u0643 \u0627\u0644\u0627\u0645",
		"id": "Pilih Basis Organisasi Anda",
		"lv": "Izv\u0113lieties organiz\u0101ciju",
		"sr": "Izaberite va\u0161u mati\u010dnu instituciju",
		"ro": "Alege\u021bi institu\u021bia de origine",
		"eu": "Hautatu zure jatorrizko erakundea",
		"af": "Kies jou tuisorganisasie",
		"el": "\u0395\u03c0\u03b9\u03bb\u03bf\u03b3\u03ae \u03bf\u03b9\u03ba\u03b5\u03af\u03bf\u03c5 \u03c6\u03bf\u03c1\u03ad\u03b1",
		"xh": "Khetha umbutho wakho wekhaya",
		"zu": "Khetha inhlangano yakho yasekhaya",
		"ca": "Trieu la vostra organització principal"
	},
	"change_home_org_title": {
		"no": "Endre din vertsorganisasjon",
		"nn": "Endra vertsorganisasjon",
		"sv": "\u00c4ndra vilken organisation du kommer ifr\u00e5n",
		"es": "Cambiar la organizaci\u00f3n de origen",
		"fr": "Changez votre fournisseur",
		"de": "Eine andere Einrichtung, von der Sie Zugangsdaten erhalten, ausw\u00e4hlen",
		"nl": "Verander je organisatie",
		"sl": "Izberite va\u0161o doma\u010do organizacijo.",
		"da": "Skift hjemmeinstitution",
		"hr": "Promjenite odabir va\u0161e mati\u010dne ustanove",
		"hu": "V\u00e1lasszon m\u00e1sik szervezetet",
		"fi": "Muuta kotiorganisaatiotasi",
		"pt-br": "Mudar a organiza\u00e7\u00e3o principal",
		"pt": "Alterar a sua organiza\u00e7\u00e3o de origem",
		"pl": "Zmie\u0144 swoj\u0105 domow\u0105 organizacj\u0119",
		"cs": "Zm\u011bnte svou organizaci",
		"tr": "Organizasyonunuzu de\u011fi\u015ftirin",
		"lt": "Pakeisti savo organizacij\u0105",
		"it": "Cambiare la propria organizzazione",
		"ja": "\u3042\u306a\u305f\u306e\u7d44\u7e54\u3092\u5909\u66f4\u3057\u3066\u304f\u3060\u3055\u3044",
		"zh-tw": "\u8b8a\u66f4\u60a8\u7684\u6240\u5c6c\u7d44\u7e54",
		"et": "Muuda oma koduorganisatsiooni",
		"he": "\u05d4\u05d7\u05dc\u05e3 \u05d0\u05ea \u05d0\u05d9\u05e8\u05d2\u05d5\u05df \u05d4\u05d1\u05d9\u05ea \u05e9\u05dc\u05da",
		"ru": "\u0421\u043c\u0435\u043d\u0438\u0442\u044c \u0434\u043e\u043c\u0430\u0448\u043d\u044e\u044e \u043e\u0440\u0433\u0430\u043d\u0438\u0437\u0430\u0446\u0438\u044e",
		"zh": "\u6539\u53d8\u4f60\u7684\u5bb6\u5ead\u7ec4\u7ec7",
		"ar": "\u063a\u064a\u0631\u0627\u0644\u062c\u0647\u0629 \u0627\u0644\u0627\u0645",
		"id": "Ubah basis organisasi anda",
		"lv": "Main\u012bt organiz\u0101ciju",
		"sr": "Promenite izbor za va\u0161u mati\u010dnu instituciju",
		"ro": "Modifica\u021bi institu\u021bia de origine",
		"eu": "Zure jatorrizko erakundea aldatu",
		"af": "Verander jou tuisorganisasie",
		"el": "\u0391\u03bb\u03bb\u03b1\u03b3\u03ae \u03bf\u03b9\u03ba\u03b5\u03af\u03bf\u03c5 \u03c6\u03bf\u03c1\u03ad\u03b1",
		"xh": "Tshintsha umbutho wakho wekhaya",
		"zu": "Shintsha inhlangano yakho yasekhaya",
		"ca": "Canvieu la vostra organització principal"
	},
	"change_home_org_text": {
		"no": "Du har valgt <b>%HOMEORG%<\/b> som din vertsorganisasjon. Dersom dette er feil kan du velge en annen.",
		"nn": "Du har vald <b>%HOMEORG%<\/b> som din vertsorganisasjon.  Dersom dette er feil, kan du velja ein annan organisasjon fr\u00e5 menyen.",
		"sv": "Du har valt <b>%HOMEORG%<\/b> som organisation du kommer ifr\u00e5n. Om detta \u00e4r fel s\u00e5 kan du v\u00e4lja en annan.",
		"es": "Ha seleccionado <b>%HOMEORG%<\/b> como organizaci\u00f3n de origen. Si esta informaci\u00f3n es incorrecta, puede seleccionar otra.",
		"fr": "Vous avez choisi <b>%HOMEORG%<\/b> comme votre fournisseur. Si ce n'est pas correct, vous pouvez le changer.",
		"de": "Sie haben <b>%HOMEORG%<\/b> als ihre Einrichtung gew\u00e4hlt, k\u00f6nnen diese Auswahl aber noch \u00e4ndern.",
		"nl": "Je hebt <b>%HOMEORG%<\/b> gekozen als je organisatie. Als dit niet correct is kun je een andere keuze maken.",
		"sl": "Izbrali ste <b>%HOMEORG%<\/b> kot va\u0161o doma\u010do organizacijo. V primeru da je izbor napa\u010den, izberite drugo.",
		"da": "Du har valgt <b>%HOMEORG%<\/b> som din hjemmeinstitution. Hvis dette ikke er korrekt, kan du v\u00e6lge en anden.",
		"hr": "Odabrali ste <b>%HOMEORG%<\/b> kao va\u0161u mati\u010dnu ustanovu. Ako to nije to\u010dno mo\u017eete odabrati drugu ustanovu.",
		"hu": "A <b>%HOMEORG%<\/b> szervezetet v\u00e1lasztotta ki. Ha a v\u00e1laszt\u00e1s nem volt helyes, k\u00e9rem v\u00e1lasszon m\u00e1sikat.",
		"fi": "Olet valinnut kotiorganisaatioksesi <b>%HOMEORG%<\/b> . Voit muuttaa asetusta valitsemalla toisen.",
		"pt-br": "Voc\u00ea escolheu <b>%HOMEORG%<\/b> como sua organiza\u00e7\u00e3o pessoal. Se isto estiver incorreto voc\u00ea pode escolher outra.",
		"pt": "Escolheu <b>%HOMEORG%<\/b> como a sua organiza\u00e7\u00e3o de origem. Se n\u00e3o estiver correcto, pode escolher outra.",
		"pl": "Wybra\u0142e\u015b <b>%HOMEORG%<\/b> jako swoj\u0105 domow\u0105 organizacj\u0119. Je\u015bli nieprawid\u0142owa mo\u017cesz wybra\u0107 inn\u0105.",
		"cs": "M\u00e1te nastavenu <b>%HOMEORG%<\/b> jako domovskou organizaci. Pokud je to \u0161patn\u011b zvolte jinou.",
		"tr": "<b>%HOMEORG%<\/b>'u organizasyonunuz olarak se\u00e7tiniz. E\u011fer yanl\u0131\u015f ise, ba\u015fka bir tanesini se\u00e7ebilirsiniz.",
		"lt": "J\u016bs savo nam\u0173 organizacija pasirinkote <b>%HOMEORG%<\/b>. Jei tai yra neteisingas pasirinkimas, galite pasirinkti kit\u0105.",
		"it": "E' stata selezionata <b>%HOMEORG%<\/b> come propria organizzazione. Se \u00e8 sbagliata, \u00e8 possibile selezionarne un'altra.",
		"ja": "\u3042\u306a\u305f\u306f <b>%HOMEORG%<\/b> \u3092\u7d44\u7e54\u3068\u3057\u3066\u9078\u629e\u3057\u307e\u3057\u305f\u3002\u3053\u308c\u306b\u554f\u984c\u304c\u3042\u308b\u5834\u5408\u306f\u4ed6\u306e\u3082\u306e\u3092\u9078\u3076\u4e8b\u3082\u53ef\u80fd\u3067\u3059\u3002",
		"zh-tw": "\u60a8\u5df2\u9078\u64c7 <b>%HOMEORG%<\/b> \u4f5c\u70ba\u6240\u5c6c\u7d44\u7e54\u3002\u5982\u679c\u932f\u8aa4\uff0c\u60a8\u96a8\u6642\u90fd\u53ef\u4ee5\u91cd\u65b0\u9078\u64c7\u5176\u4ed6\u7684\u3002",
		"et": "Sa valisid oma koduorganisatsiooniks <b>%HOMEORG%<\/b>. Kui see pole \u00f5ige, siis v\u00f5id uuesti valida.",
		"he": "\u05d1\u05d7\u05e8\u05ea \u05d0\u05ea <b>%HOMEORG%<\/b> \u05db\u05d0\u05d9\u05e8\u05d2\u05d5\u05df \u05d4\u05d1\u05d9\u05ea \u05e9\u05dc\u05da. \u05d0\u05dd \u05d4\u05de\u05d9\u05d3\u05e2 \u05de\u05d5\u05d8\u05e2\u05d4 \u05d0\u05ea\u05d4 \u05d9\u05db\u05d5\u05dc \u05dc\u05d1\u05d7\u05d5\u05e8 \u05d0\u05d9\u05e8\u05d2\u05d5\u05df \u05d0\u05d7\u05e8.",
		"ru": "\u0412\u044b \u0432\u044b\u0431\u0440\u0430\u043b\u0438 <b>%HOMEORG%<\/b> \u043a\u0430\u043a \u0432\u0430\u0448\u0443 \u0434\u043e\u043c\u0430\u0448\u043d\u044e\u044e \u043e\u0440\u0433\u0430\u043d\u0438\u0437\u0430\u0446\u0438\u044e. \u0415\u0441\u043b\u0438 \u0432\u044b \u043e\u0448\u0438\u0431\u043b\u0438\u0441\u044c - \u0432\u044b \u043c\u043e\u0436\u0435\u0442\u0435 \u0432\u044b\u0431\u0440\u0430\u0442\u044c \u0434\u0440\u0443\u0433\u0443\u044e.",
		"zh": "\u4f60\u9009\u62e9\u4e86<b>%HOMEORG%<\/b>\u4f5c\u4e3a\u4f60\u7684\u5bb6\u5ead\u7ec4\u7ec7\u3002\u5982\u679c\u9519\u4e86\u8bf7\u9009\u62e9\u5176\u4ed6\u7684",
		"ar": "\u0644\u0642\u062f \u0642\u0645\u062a \u0628\u0627\u062e\u062a\u064a\u0627\u0631 <b>%HOMEORG%<\/b> \u0643\u062c\u0647\u062a\u0643 \u0627\u0644\u0627\u0645. \u0627\u0646 \u0643\u0627\u0646 \u0647\u0630\u0627 \u0627\u0644\u0627\u062e\u062a\u064a\u0627\u0631 \u063a\u064a\u0631 \u0635\u062d\u064a\u062d \u064a\u0645\u0643\u0646\u0643 \u062a\u063a\u064a\u064a\u0631\u0647",
		"id": "Anda telah memilih  <b>%HOMEORG%<\/b> sebagai basis organisasi anda. Jika ini salah anda dapat memilih yang lain.",
		"lv": "J\u016bs izv\u0113l\u0113j\u0101ties <b>%HOMEORG%<\/b>. ja tas nav pareizi, izv\u0113lieties citu.",
		"sr": "Odabrali ste <b>%HOMEORG%<\/b> kao va\u0161u mati\u010dnu instituciju. Ako to nije ta\u010dno mo\u017eete odabrati drugu instituciju.",
		"ro": "A\u021bi ales ca institu\u021bie de origine<b>%HOMEORG%<\/b>. Dac\u0103 nu este corect v\u0103 rug\u0103m s\u0103 alege\u021bi alt\u0103 institu\u021bie.",
		"eu": "<b>%HOMEORG%<\/b> hautatu duzu zure jatorrizko erakunde bezala. Informazio hau okerra bada beste bat hautatu dezakezu.",
		"af": "Jy het <b>%HOMEORG%<\/b> gekies as jou tuisorganisasie. As dit is verkeerd jy kan 'n ander een te kies.",
		"el": "\u0395\u03c0\u03b9\u03bb\u03b5\u03b3\u03bc\u03ad\u03bd\u03bf\u03c2 \u03bf\u03b9\u03ba\u03b5\u03af\u03bf\u03c2 \u03c6\u03bf\u03c1\u03ad\u03b1\u03c2: <b>%HOMEORG%<\/b>.",
		"zu": "Ukhethe okuthi <b>%HOMEORG%</b> njengenhlangano yakho yasekhaya. Uma lokhu kungalungile ungase ukhethe enye.",
		"xh": "Uye wakhetha u-<b>%HOMEORG%</b> njengombutho wakho wekhaya. Ukuba oku akuchanekanga usenokukhetha omnye.",
		"ca": "Heu triat <b>%HOMEORG%<\/b> com la vostra organització principal. Si això no és correcte, podeu triar-ne una altra."
	},
	"change_home_org_button": {
		"no": "Velg vertsorganisasjon",
		"nn": "Vel vertsorganisasjon",
		"sv": "\u00c4ndra organisation",
		"es": "Seleccione su organizaci\u00f3n de origen",
		"fr": "Choisissez votre fournisseur.",
		"de": "Einrichtung ausw\u00e4hlen",
		"nl": "Kies je organisatie",
		"sl": "Izberite doma\u010do organizacijo.",
		"da": "V\u00e6lg hjemmeinstitution",
		"hr": "Odaberite mati\u010dnu ustanovu",
		"hu": "V\u00e1lassza ki a szervezet\u00e9t",
		"fi": "Valitse kotiorganisaatiosi",
		"pt-br": "Escolher uma organiza\u00e7\u00e3o principal",
		"pt": "Escolha a sua organiza\u00e7\u00e3o de origem",
		"pl": "Wybierz domow\u0105 organizacj\u0119",
		"cs": "Zvolte domovskou organizaci",
		"tr": "Organizasyon se\u00e7iniz",
		"lt": "Pasirinkite organizacij\u0105",
		"it": "Selezionare la propria organizzazione",
		"ja": "\u7d44\u7e54\u306e\u9078\u629e",
		"zh-tw": "\u9078\u64c7\u6240\u5c6c\u7d44\u7e54",
		"et": "Vali koduorganisatsioon",
		"he": "\u05d4\u05d7\u05dc\u05e3 \u05d0\u05d9\u05e8\u05d2\u05d5\u05df \u05d1\u05d9\u05ea",
		"ru": "\u0412\u044b\u0431\u0435\u0440\u0438\u0442\u0435 \u0434\u043e\u043c\u0430\u0448\u043d\u044e\u044e \u043e\u0440\u0433\u0430\u043d\u0438\u0437\u0430\u0446\u0438\u044e",
		"zh": "\u9009\u62e9\u4f60\u7684\u5bb6\u5ead\u7ec4\u7ec7",
		"ar": "\u0627\u062e\u062a\u0627\u0631 \u062c\u0647\u062a\u0643 \u0627\u0644\u0627\u0645",
		"id": "Pilih basis organisasi",
		"lv": "Izv\u0113l\u0113ties organiz\u0101ciju",
		"sr": "Izaberite mati\u010dnu instituciju",
		"ro": "Alege\u021bi institu\u021bia de origine",
		"eu": "Jatorrizko erakundea hautatu",
		"af": "Kies tuisorganisasie",
		"el": "\u0395\u03c0\u03b9\u03bb\u03bf\u03b3\u03ae \u03bf\u03b9\u03ba\u03b5\u03af\u03bf\u03c5 \u03c6\u03bf\u03c1\u03ad\u03b1",
		"xh": "Khetha umbutho wekhaya",
		"zu": "Khetha inhlangano yasekhaya",
		"ca": "Escull la teva organització principal"
	},
	"help_desk_link": {
		"no": "Hjemmesiden til brukerst\u00f8tte",
		"nn": "Heimeside for brukarst\u00f8tte",
		"sv": "Hemsida f\u00f6r helpdesk",
		"es": "P\u00e1gina del centro de atenci\u00f3n al usuario",
		"fr": "Page web de l'assistance technique",
		"de": "Seite des Helpdesk",
		"nl": "Helpdesk homepage",
		"sl": "Spletna stran tehni\u010dne podpore uporabnikom.",
		"da": "Servicedesk",
		"hr": "Stranice slu\u017ebe za podr\u0161ku korisnicima",
		"hu": "\u00dcgyf\u00e9lszolg\u00e1lat weboldala",
		"fi": "Helpdeskin kotisivu",
		"pt-br": "Central de Ajuda",
		"pt": "P\u00e1gina do servi\u00e7o de apoio ao utilizador",
		"pl": "Strona domowa pomocy technicznej (Helpdesk)",
		"cs": "Help desk",
		"tr": "Yard\u0131m anasayfas\u0131",
		"lt": "Naudotoj\u0173 aptarnavimo puslapis",
		"it": "Homepage del servizio di assistenza",
		"ja": "\u30d8\u30eb\u30d7\u30c7\u30b9\u30af\u30da\u30fc\u30b8",
		"zh-tw": "\u670d\u52d9\u53f0\u9996\u9801",
		"et": "Kasutajatoe koduleht",
		"he": "\u05ea\u05de\u05d9\u05db\u05d4 \u05d8\u05db\u05e0\u05d9\u05ea",
		"ru": "\u0414\u043e\u043c\u0430\u0448\u043d\u044f\u044f \u0441\u0442\u0440\u0430\u043d\u0438\u0446\u0430 \u0441\u043b\u0443\u0436\u0431\u044b \u043f\u043e\u0434\u0434\u0435\u0440\u0436\u043a\u0438",
		"zh": "\u670d\u52a1\u53f0\u7684\u4e3b\u9875",
		"ar": "\u0635\u0641\u062d\u0629 \u0627\u0644\u0645\u0633\u0627\u0639\u062f\u0629",
		"id": "Homepage Help desk",
		"lv": "Pal\u012bdz\u012bbas dienesta interneta lapa",
		"sr": "Stranice slu\u017ebe za podr\u0161ku korisnicima",
		"ro": "Pagina echipei de suport tehnic",
		"eu": "Laguntza teknikoaren orria ",
		"af": "Hulplyn-tuisblad",
		"el": "\u03a3\u03b5\u03bb\u03af\u03b4\u03b1 \u03c5\u03c0\u03b7\u03c1\u03b5\u03c3\u03af\u03b1\u03c2 \u03b1\u03c1\u03c9\u03b3\u03ae\u03c2 \u03c7\u03c1\u03b7\u03c3\u03c4\u03ce\u03bd",
		"zu": "Ikhasi lasekhaya ledeski losizo",
		"xh": "Ikhasi lekhaya ledesika yoncedo",
		"ca": "Pàgina d'inici del centre d'atenció a l'usuari"
	},
	"help_desk_email": {
		"no": "Send e-post til brukerst\u00f8tte",
		"nn": "Send epost til brukarst\u00f8tte",
		"sv": "Skicka e-post till helpdesk",
		"es": "Enviar correo electr\u00f3nico al centro de atenci\u00f3n al usuario",
		"fr": "Assistance technique par courriel",
		"de": "Email an den Helpdesk senden",
		"nl": "Stuur een e-mail naar de helpdesk",
		"sl": "Po\u0161lji sporo\u010dilo tehni\u010dni podpori.",
		"da": "Send en e-mail til servicedesk",
		"hr": "Po\u0161aljite e-mail slu\u017ebi za podr\u0161ku korisnicima",
		"hu": "K\u00fcldj\u00f6n e-mailt az \u00fcgyf\u00e9lszolg\u00e1latnak",
		"fi": "L\u00e4het\u00e4 s\u00e4hk\u00f6posti helpdeskille.",
		"pt-br": "Envie um e-mail para a Central de Ajuda.",
		"pt": "Enviar um e-mail para o servi\u00e7o de apoio ao utilizador",
		"pl": "wy\u015blij e-mail do helpdesku",
		"cs": "Email helpdesku zasl\u00e1n.",
		"tr": "Yard\u0131m'a e-posta g\u00f6nderin",
		"lt": "Si\u0173sti el. lai\u0161k\u0105 naudotoj\u0173 aptarnavimo specialistams",
		"it": "Invia una mail al servizio di assistenza",
		"ja": "\u30d8\u30eb\u30d7\u30c7\u30b9\u30af\u306b\u30e1\u30fc\u30eb\u3059\u308b",
		"zh-tw": "\u50b3\u9001 e-mail \u5c0b\u6c42\u5354\u52a9",
		"et": "Saada kasutajatoele e-kiri.",
		"he": "\u05e9\u05dc\u05d7 \u05d3\u05d5\u05d0\u05dc \u05dc\u05ea\u05d9\u05db\u05d4 \u05d4\u05d8\u05db\u05e0\u05d9\u05ea",
		"ru": "\u041f\u043e\u0441\u043b\u0430\u0442\u044c email \u0432 \u0441\u043b\u0443\u0436\u0431\u0443 \u043f\u043e\u0434\u0434\u0435\u0440\u0436\u043a\u0438",
		"zh": "\u53d1\u9001Email\u7ed9\u670d\u52a1\u53f0",
		"ar": "\u0627\u0631\u0633\u0644 \u0625\u064a\u0645\u064a\u0644 \u0644\u0635\u0641\u062d\u0629 \u0627\u0644\u0645\u0633\u0627\u0639\u062f\u0629",
		"id": "Kirim e-mail ke help dek",
		"lv": "S\u016bt\u012bt e-pastu pal\u012bdz\u012bbas dienestam",
		"sr": "Po\u0161alji e-mail slu\u017ebi za podr\u0161ku korisnicima",
		"ro": "Trimite\u021bi un mesaj la echipa de suport tehnic",
		"eu": "Bidali posta laguntza teknikoari ",
		"af": "Stuur e-pos aan hulplyn",
		"el": "\u0391\u03c0\u03bf\u03c3\u03c4\u03bf\u03bb\u03ae \u0065\u006d\u0061\u0069\u006c \u03c3\u03c4\u03b7\u03bd \u03c5\u03c0\u03b7\u03c1\u03b5\u03c3\u03af\u03b1 \u03b1\u03c1\u03c9\u03b3\u03ae\u03c2 \u03c7\u03c1\u03b7\u03c3\u03c4\u03ce\u03bd",
		"xh": "Thumela i-imeyile kwidesika yoncedo",
		"zu": "Thumela i-imeyili edeskini losizo",
		"ca": "Envia un correu electrònic el centre d'atenció a l'usuari"
	},
	"next": {
		"no": "Fortsett",
		"nn": "Neste",
		"sv": "N\u00e4sta",
		"es": "Siguiente",
		"fr": "Suivant",
		"de": "Weiter",
		"nl": "Volgende",
		"sl": "Naprej",
		"da": "N\u00e6ste",
		"hr": "Dalje",
		"hu": "K\u00f6vetkez\u0151",
		"fi": "Seuraava",
		"pt-br": "Pr\u00f3ximo",
		"pt": "Seguinte",
		"pl": "Nast\u0119pny",
		"cs": "Dal\u0161\u00ed",
		"tr": "S\u0131radaki",
		"lt": "Kitas",
		"it": "Avanti",
		"ja": "\u6b21\u3078",
		"zh-tw": "\u4e0b\u4e00\u6b65",
		"et": "Edasi",
		"he": "\u05d4\u05d1\u05d0",
		"ru": "\u0414\u0430\u043b\u0435\u0435",
		"zh": "\u4e0b\u4e00\u6b65",
		"ar": "\u0627\u0644\u062a\u0627\u0644\u064a",
		"id": "Selanjutnya",
		"lv": "T\u0101l\u0101k",
		"sr": "Dalje",
		"ro": "Urm\u0103torul pas",
		"eu": "Hurrengoa",
		"xh": "Olandelayo",
		"af": "Volgende",
		"el": "\u0395\u03c0\u03cc\u03bc\u03b5\u03bd\u03bf",
		"zu": "Okulandelayo",
		"ca": "Següent"
	},
	"remember_username": {
		"es": "Recordar mi nombre de usuario",
        "de": "Nutzername merken",
		"hu": "Eml\u00e9kezzen a felhaszn\u00e1l\u00f3nevemre",
		"ru": "\u0417\u0430\u043f\u043e\u043c\u043d\u0438\u0442\u044c \u043c\u043e\u0451 \u0438\u043c\u044f \u043f\u043e\u043b\u044c\u0437\u043e\u0432\u0430\u0442\u0435\u043b\u044f",
		"zh-tw": "\u8a18\u4f4f\u6211\u7684\u4f7f\u7528\u8005\u540d\u7a31",
		"nl": "Onthoud gebruikersnaam",
		"da": "Husk mit brugernavn",
		"af": "Onthou my gebruikersnaam",
		"pt-br": "Lembrar meu nome de usu\u00e1rio",
		"el": "\u039d\u03b1 \u03b8\u03c5\u03bc\u03ac\u03c3\u03b1\u03b9 \u03c4\u03bf \u03cc\u03bd\u03bf\u03bc\u03b1 \u03c7\u03c1\u03ae\u03c3\u03c4\u03b7",
		"zu": "Khumbula igama lami lomsebenzisi",
		"xh": "Khumbula igama lomsebenzisi lam",
		"sl": "Zapomni si moje uporabniško ime",
		"ca": "Recorda el meu nom d’usuari"
	},
	"remember_me": {
		"es": "Recordarme",
        "de": "Angemeldet bleiben",
		"hu": "Eml\u00e9kezzen r\u00e1m",
		"ru": "\u0417\u0430\u043f\u043e\u043c\u043d\u0438\u0442\u044c \u043c\u0435\u043d\u044f",
		"zh-tw": "\u8a18\u4f4f\u6211",
		"nl": "Onthoud mij",
		"da": "Husk mig",
		"af": "Onthou my",
		"pt-br": "Lembre-me",
		"el": "\u039d\u03b1 \u03bc\u03b5 \u03b8\u03c5\u03bc\u03ac\u03c3\u03b1\u03b9",
		"xh": "Ndikhumbule",
		"zu": "Ngikhumbule",
		"sl": "Zapomni si me",
		"ca": "Recorda'm"
	},
	"remember_organization": {
		"ca": "Recorda la meva organització principal"
    }
}
