{
	"select_source_header": {
		"no": "Velg en autentiseringskilde",
		"de": "W\u00e4hlen Sie eine Authentifizierungsquelle",
		"fi": "Valitse todentamisl\u00e4hde",
		"sl": "Izberite avtentikacijski vir",
		"pt": "Escolha uma fonte de autentica\u00e7\u00e3o",
		"sv": "V\u00e4lj inloggningsk\u00e4lla",
		"da": "V\u00e6lg en authentifiseringskilde",
		"fr": "S\u00e9lectionnez une source d'authentification",
		"hr": "Odaberite servis preko kojeg se \u017eelite autentificirati",
		"it": "Selezionare una fonte di autenticazione",
		"es": "Seleccione una fuente para autenticarse",
		"lt": "Pasirinkite autenti\u0161kumo patvirtinimo \u0161altin\u012f",
		"ja": "\u8a8d\u8a3c\u5143\u3092\u9078\u629e\u3057\u3066\u304f\u3060\u3055\u3044\u3002",
		"nl": "Selecteer een authenticatiebron",
		"zh-tw": "\u9078\u64c7\u4e00\u500b\u8a8d\u8b49\u4f86\u6e90",
		"nn": "Vel ei innloggingskjelde",
		"et": "Vali autentimisallikas",
		"he": "\u05d1\u05d7\u05e8 \u05de\u05e7\u05d5\u05e8 \u05d0\u05d9\u05de\u05d5\u05ea",
		"ru": "\u0412\u044b\u0431\u0435\u0440\u0438\u0442\u0435 \u0438\u0441\u0442\u043e\u0447\u043d\u0438\u043a \u0430\u0443\u0442\u0435\u043d\u0442\u0438\u0444\u0438\u043a\u0430\u0446\u0438\u0438",
		"zh": "\u9009\u62e9\u4e00\u4e2a\u8ba4\u8bc1\u6e90",
		"hu": "V\u00e1lasszon azonos\u00edt\u00e1si met\u00f3dust",
		"ar": "\u0627\u062e\u062a\u0627\u0631 \u0645\u0635\u062f\u0631 \u062a\u0648\u062b\u064a\u0642",
		"lv": "Izv\u0113lieties autentifik\u0101cijas avotu",
		"id": "Pilih sumber autentifikasi",
		"sr": "Odaberite izvor preko koga se \u017eelite autentifikovati",
		"ro": "V\u0103 rug\u0103m s\u0103 alege\u021bi o surs\u0103 pentru autentificare",
		"cs": "Zvolte autentiza\u010dn\u00ed zdroj",
		"eu": "Hauta ezazu iturburu bat kautotzeko",
		"af": "Kies 'n verifikasie bron",
		"el": "\u0395\u03c0\u03b9\u03bb\u03bf\u03b3\u03ae \u03c0\u03b7\u03b3\u03ae\u03c2 \u03c4\u03b1\u03c5\u03c4\u03bf\u03c0\u03bf\u03af\u03b7\u03c3\u03b7\u03c2",
		"pl": "Wybierz \u017aród\u0142o autentykacji",
		"xh": "Khetha umthombo wongqinisiso",
		"zu": "Khetha umthombo wokuqinisekisa",
		"ca": "Seleccioneu una font d’autenticació"
	},
	"select_source_text": {
		"no": "Den valgte autentiseringskilden vil bli brukt til \u00e5 autentisere brukeren og deretter etablere en gyldig sesjon.",
		"de": "Die gew\u00e4hlte Authentifizierungsquelle wird verwenden werden, um Sie zu authentifizieren und eine g\u00fcltige Sitzung zu erzeugen.",
		"fi": "Valittua todentamisl\u00e4hdett\u00e4 k\u00e4ytet\u00e4\u00e4n tunnistamiseen ja uuden istunnon luomiseen.",
		"sl": "Izbrani avtentikacijski vir bo uporabljen pri va\u0161i prijavi",
		"pt": "A fonte de autentica\u00e7\u00e3o escolhida ser\u00e1 usada para o autenticar e criar uma sess\u00e3o v\u00e1lida.",
		"sv": "Den valda inloggningsk\u00e4llan kommer att anv\u00e4ndas f\u00f6r din inloggning och f\u00f6r att skapa giltig inloggningssession.",
		"da": "Den valgte authentifiseringskilde vil blive brugt til at authentifisere dig og give dig en gyldig session.",
		"fr": "La source d'authentification s\u00e9lectionn\u00e9e sera utilis\u00e9e pour vous authentifier et cr\u00e9er une session.",
		"hr": "Odabrani autentifikacijski servis bit \u0107e iskori\u0161ten za va\u0161u autentifikaciju i kreiranje valjane sjednice.",
		"it": "La fonte di autenticazione selezionata verr\u00e0 usata per autenticarti e creare una sessione valida.",
		"es": "La fuente para autenticarse seleccionada ser\u00e1 utilizada para autenticarlo y crear una sesi\u00f3n v\u00e1lida",
		"lt": "Pasirinktas autenti\u0161kumo patvirtinimo \u0161altinis bus naudojamas nustatyti J\u016bs\u0173 autenti\u0161kum\u0105 ir sukurti galiojan\u010di\u0105 sesij\u0105.",
		"ja": "\u9078\u629e\u3055\u308c\u305f\u8a8d\u8a3c\u5143\u306f\u8a8d\u8a3c\u306b\u4f7f\u7528\u3055\u308c\u3001\u6b63\u5f53\u306a\u30bb\u30c3\u30b7\u30e7\u30f3\u3092\u751f\u6210\u3057\u307e\u3059\u3002",
		"nl": "De geselecteerde authenticatiebron zal gebruikt worden om u te authenticeren en een geldige sessie op te zetten.",
		"zh-tw": "\u7cfb\u7d71\u5c07\u6703\u4f7f\u7528\u60a8\u9078\u64c7\u4e4b\u8a8d\u8b49\u4f86\u6e90\u9032\u884c\u9a57\u8b49\u4e26\u5efa\u7acb\u4e00\u500b\u6709\u6548\u9023\u7dda\u3002",
		"nn": "Innloggingskjelda du har vald blir brukt til \u00e5 logga inn og laga ein gyldig sesjon.",
		"et": "Valitud autentimisallikat kasutatakse sinu autentimiseks ja kasutussessiooni loomiseks.",
		"he": "\u05de\u05e7\u05d5\u05e8 \u05d4\u05d0\u05d9\u05de\u05d5\u05ea \u05d4\u05e0\u05d1\u05d7\u05e8 \u05d9\u05e9\u05de\u05e9 \u05db\u05d3\u05d9 \u05dc\u05d0\u05de\u05ea \u05d0\u05ea \u05d6\u05d4\u05d5\u05ea\u05da \u05d5\u05dc\u05d9\u05e6\u05d5\u05e8 \u05d0\u05ea \u05e1\u05d1\u05d9\u05d1\u05ea \u05d4\u05d4\u05ea\u05d7\u05d1\u05e8\u05d5\u05ea. ",
		"ru": "\u0412\u044b\u0431\u0440\u0430\u043d\u043d\u044b\u0439 \u0438\u0441\u0442\u043e\u0447\u043d\u0438\u043a \u0430\u0443\u0442\u0435\u043d\u0442\u0438\u0444\u0438\u043a\u0430\u0446\u0438\u0438 \u0431\u0443\u0434\u0435\u0442 \u0438\u0441\u043f\u043e\u043b\u044c\u0437\u043e\u0432\u0430\u0442\u044c\u0441\u044f \u0434\u043b\u044f \u0432\u0430\u0448\u0435\u0439 \u0430\u0443\u0442\u0435\u043d\u0442\u0438\u0444\u0438\u043a\u0430\u0446\u0438\u0438 \u0438 \u0434\u043b\u044f \u0441\u043e\u0437\u0434\u0430\u043d\u0438\u044f \u043d\u0430\u0434\u0451\u0436\u043d\u043e\u0439 \u0441\u0435\u0441\u0441\u0438\u0438.",
		"zh": "\u9009\u5b9a\u7684\u8ba4\u8bc1\u6e90\u5c06\u4f1a\u7528\u4e8e\u8ba4\u8bc1\u4f60\u7684\u8eab\u4efd\u548c\u7ed9\u4f60\u4e00\u4e2a\u6709\u6548\u7684\u4f1a\u8bdd",
		"hu": "A kiv\u00e1lasztott azonos\u00edt\u00e1si met\u00f3dust kiv\u00e1lasztva azonos\u00edtani fogjuk, \u00e9s ki\u00e1ll\u00edtunk err\u0151l egy hiteles igazol\u00e1st.",
		"ar": "\u0645\u0635\u062f\u0631\u062a\u0648\u062b\u064a\u0642\u0643 \u0627\u0644\u0645\u062e\u062a\u0627\u0631 \u0633\u064a\u0633\u062a\u062e\u062f\u0645 \u0644\u062a\u0635\u062f\u064a\u0642 \u062f\u062e\u0648\u0644\u0643 ",
		"lv": "Izv\u0113l\u0113tais autentifik\u0101cijas avots tiks izmantots J\u016bsu autentific\u0113\u0161anai un der\u012bgas sesijas izveido\u0161anai.",
		"id": "Sumber autentifikasi terpilih akan digunakan untuk mengautentifikasi Anda dan membuat sebuah session yang valid.",
		"sr": "Izabrani autentifikacioni izvor \u0107e biti upotrebljen za va\u0161u autentifikaciju i kreiranje validne sesije.",
		"ro": "Sursa de autentificare selectat\u0103 va fi folosit\u0103 pentru a v\u0103 autentifica \u0219i pentru a crea o sesiune valid\u0103.",
		"cs": "Zvolen\u00fd autentiza\u010dn\u00ed zdroj bude pou\u017eit pro va\u0161e ov\u011b\u0159en\u00ed a vytvo\u0159en\u00ed platn\u00e9ho sezen\u00ed.",
		"eu": "Kautotzeko hautatu duzun iturburua, kautotu eta baliozko saio bat sortzeko erabiliko da.",
		"af": "Die gekose verifikasie bron sal gebruik word om jou te identifiseer en 'n geldige sessie te skep.",
		"el": "\u0397 \u03b5\u03c0\u03b9\u03bb\u03b5\u03b3\u03bc\u03ad\u03bd\u03b7 \u03c0\u03b7\u03b3\u03ae \u03c4\u03b1\u03c5\u03c4\u03bf\u03c0\u03bf\u03af\u03b7\u03c3\u03b7\u03c2 \u03b8\u03b1 \u03c7\u03c1\u03b7\u03c3\u03b9\u03bc\u03bf\u03c0\u03bf\u03b9\u03b7\u03b8\u03b5\u03af \u03b3\u03b9\u03b1 \u03c4\u03b7\u03bd \u03c0\u03b9\u03c3\u03c4\u03bf\u03c0\u03bf\u03af\u03b7\u03c3\u03b7 \u03c4\u03b7\u03c2 \u03c4\u03b1\u03c5\u03c4\u03cc\u03c4\u03b7\u03c4\u03ac \u03c3\u03b1\u03c2 \u03ba\u03b1\u03b9 \u03c4\u03b7 \u03b4\u03b7\u03bc\u03b9\u03bf\u03c5\u03c1\u03b3\u03af\u03b1 \u03ad\u03b3\u03ba\u03c5\u03c1\u03b7\u03c2 \u03c3\u03c5\u03bd\u03b5\u03b4\u03c1\u03af\u03b1\u03c2 (session).",
		"pl": "Wybrane \u017aród\u0142o zostanie u\u017Cyte do autentykacji i stworzenia sesji",
		"zu": "Umthombo wokuqinisekisa okhethiwe uzosetshenziswa ukuze uqinisekiswe futhi kwakhiwe iseshini esebenzayo.",
		"xh": "Umthombo wongqinisiso okhethiweyo uza kusetyenziswa ukukungqinisisa nokuyila iseshoni esebenzayo.",
		"ca": "La font d’autenticació seleccionada s’utilitzarà per autenticar-vos i crear una sessió vàlida."
	}
}
