<?xml version="1.0" encoding="UTF-8"?>
<quiz>
<!-- question: 0  -->
  <question type="category">
    <category>
        <text>$course$/Simple demo questions</text>

    </category>
  </question>

<!-- question: 21  -->
  <question type="coderunner">
    <name>
      <text>Demo trivial nodejs question</text>
    </name>
    <questiontext format="html">
      <text><![CDATA[<p>Write a function <i>add(n1, n2)</i>&nbsp;that returns the sum of n1 and n2.</p>]]></text>
    </questiontext>
    <generalfeedback format="html">
      <text></text>
    </generalfeedback>
    <defaultgrade>1.0000000</defaultgrade>
    <penalty>0.0000000</penalty>
    <hidden>0</hidden>
    <coderunnertype>nodejs</coderunnertype>
    <prototypetype>0</prototypetype>
    <allornothing>1</allornothing>
    <penaltyregime>10, 20, ...</penaltyregime>
    <precheck>0</precheck>
    <showsource>0</showsource>
    <answerboxlines>18</answerboxlines>
    <answerboxcolumns>100</answerboxcolumns>
    <answerpreload></answerpreload>
    <useace></useace>
    <resultcolumns></resultcolumns>
    <template></template>
    <iscombinatortemplate></iscombinatortemplate>
    <allowmultiplestdins></allowmultiplestdins>
    <answer>function add(n1, n2) {
    return n1 + n2;
}</answer>
    <validateonsave>1</validateonsave>
    <testsplitterre></testsplitterre>
    <language></language>
    <acelang></acelang>
    <sandbox></sandbox>
    <grader></grader>
    <cputimelimitsecs></cputimelimitsecs>
    <memlimitmb></memlimitmb>
    <sandboxparams></sandboxparams>
    <templateparams></templateparams>
    <hoisttemplateparams>1</hoisttemplateparams>
    <twigall>0</twigall>
    <uiplugin></uiplugin>
    <testcases>
      <testcase testtype="0" useasexample="1" hiderestiffail="0" mark="1.0000000" >
      <testcode>
                <text>console.log(add(23, 11));</text>
      </testcode>
      <stdin>
                <text></text>
      </stdin>
      <expected>
                <text>34</text>
      </expected>
      <extra>
                <text></text>
      </extra>
      <display>
                <text>SHOW</text>
      </display>
    </testcase>
      <testcase testtype="0" useasexample="0" hiderestiffail="0" mark="1.0000000" >
      <testcode>
                <text>console.log(add(237, -11));</text>
      </testcode>
      <stdin>
                <text></text>
      </stdin>
      <expected>
                <text>226</text>
      </expected>
      <extra>
                <text></text>
      </extra>
      <display>
                <text>SHOW</text>
      </display>
    </testcase>
      <testcase testtype="0" useasexample="0" hiderestiffail="0" mark="1.0000000" >
      <testcode>
                <text>console.log(add(5020, -10));</text>
      </testcode>
      <stdin>
                <text></text>
      </stdin>
      <expected>
                <text>5010</text>
      </expected>
      <extra>
                <text></text>
      </extra>
      <display>
                <text>HIDE</text>
      </display>
    </testcase>
    </testcases>
  </question>

</quiz>